v,e_eff_eos,e_eff_rad,rad_band,e_eff_eos_min,e_eff_eos_max
5000.0,0.6967544426861043,0.6943572598456078,0.0023971828404965034,0.6822436487140113,0.7348776967960782
6000.0,0.6606584144046913,0.6584986405662941,0.002159773838397161,0.642553426813204,0.7060613385566459
7000.0,0.6172609315090238,0.620493531608782,-0.0032326000997581206,0.6128448529156145,0.6203103217540147
8000.0,0.5959529351336461,0.5920324981595628,0.003920436974083286,0.5928258699925744,0.5997530671131952
9000.0,0.5829495784766159,0.5791220952748604,0.0038274832017555216,0.5799420066365051,0.5874964270135901
11000.0,0.570036194629707,0.5664250977370571,0.0036110968926499343,0.5645995702293367,0.5760553201421752
13000.0,0.5804070356088453,0.576360970019236,0.004046065589609293,0.5744484659582887,0.5852019989347095
16000.0,0.6398468960005779,0.633029700749131,0.0068171952514468614,0.6375147162240984,0.6419132863747223
