rho_impact,e_eff,total_loss,frac_radiative_wall,frac_escape_space,frac_conductive,frac_condensation
0.16,0.6284707612665539,173098.60176434956,0.7980243481283603,0.20197565187163963,0.0,0.0
0.32,0.6326982339596938,279625.5239791939,0.77169978458858,0.2283002154114199,0.0,0.0
0.48,0.6346870656365722,392893.5549334405,0.7660723541549241,0.23392764584507597,0.0,0.0
0.64,0.6362627421337039,506307.1740930807,0.7616847479153818,0.23831525208461826,0.0,0.0
