v,d_over_d,l_over_d,r_foot_over_r,rho_impact,e_eff,eta_capture,focusing_factor,plate_mass_t,peak_compressive,f,survives_baseline,survives_relaxed,within_mass_budget
16000.0,0.0,0.3,0.3,0.5821854342639061,0.6347669850196751,0.9197106661229045,1.0,31.808625617596658,183464524.79805028,0.7517563163740888,True,True,True
16000.0,0.1,0.3,0.3,0.5821854342639061,0.6347669850196751,0.9717143552512466,1.151680648019845,33.08097064230053,211292542.80807146,0.7942632734172089,True,True,True
16000.0,0.15,0.3,0.3,0.5821854342639061,0.6347669850196751,0.9920376702282916,1.2087966512751571,34.67140192318036,221771303.20367122,0.8108752155925235,True,True,True
16000.0,0.0,0.3,0.5,0.12575205380100374,0.6171588451271345,0.9145438907578087,1.0,31.808625617596658,39628337.35637886,0.7394813710979871,True,True,True
16000.0,0.1,0.3,0.5,0.12575205380100374,0.6171588451271345,0.9783208997317431,1.271431304860563,33.08097064230053,50384708.67447537,0.7910501481869623,True,True,True
16000.0,0.15,0.3,0.5,0.12575205380100374,0.6171588451271345,0.9665343472441825,1.6404509398191112,34.67140192318036,65008343.259740494,0.7815197843825554,True,True,True
16000.0,0.0,0.3,0.7,0.0458280079449722,0.5886636187500338,0.9067823029115004,1.0,31.808625617596658,14441813.905385882,0.7202860273809368,True,True,True
16000.0,0.1,0.3,0.7,0.0458280079449722,0.5886636187500338,0.9670731286449818,1.7228732275000502,33.08097064230053,24881414.53412728,0.768176948074527,True,True,True
16000.0,0.15,0.3,0.7,0.0458280079449722,0.5886636187500338,0.9604570000353636,1.9298353494244838,34.67140192318036,27870322.98442373,0.762921546664991,True,True,True
16000.0,0.0,0.6,0.3,0.29109271713195306,0.6291809551649499,0.8749793064132703,1.0,31.808625617596658,91732262.39902514,0.7127498110859685,True,True,True
16000.0,0.1,0.6,0.3,0.29109271713195306,0.6291809551649499,0.9338758824940476,1.2619278278328425,33.08097064230053,115759494.63139413,0.7607264011235815,True,True,True
16000.0,0.15,0.6,0.3,0.29109271713195306,0.6291809551649499,0.9212089959548667,1.5680134842068083,34.67140192318036,143837424.3784686,0.7504080759681471,True,True,True
16000.0,0.0,0.6,0.5,0.06287602690050187,0.5995185774654963,0.8663661861832036,1.0,31.808625617596658,19814168.67818943,0.6928844048439826,True,True,True
16000.0,0.1,0.6,0.5,0.06287602690050187,0.5995185774654963,0.9473691289401064,1.6558798646036643,33.08097064230053,32809882.94807448,0.7576672607285027,True,True,True
16000.0,0.15,0.6,0.5,0.06287602690050187,0.5995185774654963,0.9341897828377606,1.9679749474672363,34.67140192318036,38993787.563566804,0.7471269562637278,True,True,True
16000.0,0.0,0.6,0.7,0.0229140039724861,0.555784696348884,0.8503713678896534,1.0,31.808625617596658,7220906.952692941,0.6614973801879948,True,True,True
16000.0,0.1,0.6,0.7,0.0229140039724861,0.555784696348884,0.9115247731452154,1.8399087954738962,33.08097064230053,13285810.213558352,0.7090681462011071,True,True,True
16000.0,0.15,0.6,0.7,0.0229140039724861,0.555784696348884,0.9282969436850292,2.019532593194741,34.67140192318036,14582856.943389911,0.7221150893263051,True,True,True
16000.0,0.0,1.0,0.3,0.17465563027917186,0.6227337682903195,0.8342294815770418,1.0,31.808625617596658,55039357.43941509,0.6768661751291963,True,True,True
16000.0,0.1,1.0,0.3,0.17465563027917186,0.6227337682903195,0.9226604652350907,1.5489815943424299,33.08097064230053,85254951.63808806,0.7486161468017191,True,True,True
16000.0,0.15,1.0,0.3,0.17465563027917186,0.6227337682903195,0.9185936707662771,1.8632171509156128,34.67140192318036,102550274.75649302,0.745316484445099,True,True,True
16000.0,0.0,1.0,0.5,0.037725616140301114,0.581031090914594,0.8196538846444962,1.0,31.808625617596658,11888501.206913657,0.6479491377059362,True,True,True
16000.0,0.1,1.0,0.5,0.037725616140301114,0.581031090914594,0.8868737717072662,1.8287360593203972,33.08097064230053,21740930.848357067,0.7010875033929398,True,True,True
16000.0,0.15,1.0,0.5,0.037725616140301114,0.581031090914594,0.9108010384666032,2.1766801636873927,34.67140192318036,25877464.753062587,0.7200023797264994,True,True,True
16000.0,0.0,1.0,0.7,0.013748402383491658,0.5208059588759557,0.7924098380908393,1.0,31.808625617596658,4332544.171615764,0.6025508018202399,True,True,True
16000.0,0.1,1.0,0.7,0.013748402383491658,0.5208059588759557,0.8819784100765838,2.143542593196637,33.08097064230053,9286992.96876423,0.670659010822205,True,True,True
16000.0,0.15,1.0,0.7,0.013748402383491658,0.5208059588759557,0.8699240997012201,2.080124547987701,34.67140192318036,9012231.486618988,0.6614928772977082,True,True,True
16500.0,0.0,0.3,0.3,0.5821854342639061,0.6417431710338601,0.9197106661229045,1.0,31.808625617596658,194619961.0374292,0.7549643527171406,True,True,True
16500.0,0.1,0.3,0.3,0.5821854342639061,0.6417431710338601,0.9717143552512466,1.151680648019845,33.08097064230053,224140042.84518346,0.7976527034646522,True,True,True
16500.0,0.15,0.3,0.3,0.5821854342639061,0.6417431710338601,0.9920376702282916,1.2087966512751571,34.67140192318036,235255957.17334598,0.8143355352528191,True,True,True
16500.0,0.0,0.3,0.5,0.12575205380100374,0.6232371572985649,0.9145438907578087,1.0,31.808625617596658,42037911.58408471,0.7422608127292374,True,True,True
16500.0,0.1,0.3,0.5,0.12575205380100374,0.6232371572985649,0.9783208997317431,1.271431304860563,33.08097064230053,53448316.7789658,0.7940234181031645,True,True,True
16500.0,0.15,0.3,0.5,0.12575205380100374,0.6232371572985649,0.9665343472441825,1.6404509398191112,34.67140192318036,68961131.56614447,0.7844572331260354,True,True,True
16500.0,0.0,0.3,0.7,0.0458280079449722,0.5942750334489528,0.9067823029115004,1.0,31.808625617596658,15319938.623937575,0.7228301931525754,True,True,True
16500.0,0.1,0.3,0.7,0.0458280079449722,0.5942750334489528,0.9670731286449818,1.7228732275000502,33.08097064230053,26394312.10212601,0.770890272259031,True,True,True
16500.0,0.15,0.3,0.7,0.0458280079449722,0.5942750334489528,0.9604570000353636,1.9298353494244838,34.67140192318036,29564959.107488215,0.7656163079288301,True,True,True
16500.0,0.0,0.6,0.3,0.29109271713195306,0.6358662857368383,0.8749793064132703,1.0,31.808625617596658,97309980.5187146,0.7156745740394357,True,True,True
16500.0,0.1,0.6,0.3,0.29109271713195306,0.6358662857368383,0.9338758824940476,1.2619278278328425,33.08097064230053,122798172.34243774,0.7638480356173748,True,True,True
16500.0,0.15,0.6,0.3,0.29109271713195306,0.6358662857368383,0.9212089959548667,1.5680134842068083,34.67140192318036,152583361.60124633,0.7534873693000249,True,True,True
16500.0,0.0,0.6,0.5,0.06287602690050187,0.605096395620456,0.8663661861832036,1.0,31.808625617596658,21018955.792042356,0.6953006213650506,True,True,True
16500.0,0.1,0.6,0.5,0.06287602690050187,0.605096395620456,0.9473691289401064,1.6558798646036643,33.08097064230053,34804865.6710375,0.7603093870919279,True,True,True
16500.0,0.15,0.6,0.5,0.06287602690050187,0.605096395620456,0.9341897828377606,1.9679749474672363,34.67140192318036,41364778.42066072,0.749732326629173,True,True,True
16500.0,0.0,0.6,0.7,0.0229140039724861,0.560631870039914,0.8503713678896534,1.0,31.808625617596658,7659969.311968788,0.6635583290490147,True,True,True
16500.0,0.1,0.6,0.7,0.0229140039724861,0.560631870039914,0.9115247731452154,1.8399087954738962,33.08097064230053,14093644.910151502,0.7112773056506629,True,True,True
16500.0,0.15,0.6,0.7,0.0229140039724861,0.560631870039914,0.9282969436850292,2.019532593194741,34.67140192318036,15469557.688392464,0.7243648975877519,True,True,True
16500.0,0.0,1.0,0.3,0.17465563027917186,0.6291094272056228,0.8342294815770418,1.0,31.808625617596658,58385988.31122877,0.6795255564450091,True,True,True
16500.0,0.1,1.0,0.3,0.17465563027917186,0.6291094272056228,0.9226604652350907,1.5489815943424299,33.08097064230053,90438821.26158561,0.7515574310122061,True,True,True
16500.0,0.15,1.0,0.3,0.17465563027917186,0.6291094272056228,0.9185936707662771,1.8632171509156128,34.67140192318036,108785774.79463993,0.74824480440838,True,True,True
16500.0,0.0,1.0,0.5,0.037725616140301114,0.5865751340655277,0.8196538846444962,1.0,31.808625617596658,12611373.475225411,0.6502212359585862,True,True,True
16500.0,0.1,1.0,0.5,0.037725616140301114,0.5865751340655277,0.8868737717072662,1.8287360593203972,33.08097064230053,23062873.4317015,0.7035459366228282,True,True,True
16500.0,0.15,1.0,0.5,0.037725616140301114,0.5865751340655277,0.9108010384666032,2.1766801636873927,34.67140192318036,27450926.48037649,0.7225271398560865,True,True,True
16500.0,0.0,1.0,0.7,0.013748402383491658,0.5251839086718393,0.7924098380908393,1.0,31.808625617596658,4595981.587181272,0.6042853670647028,True,True,True
16500.0,0.1,1.0,0.7,0.013748402383491658,0.5251839086718393,0.8819784100765838,2.143542593196637,33.08097064230053,9851682.28967054,0.6725896394223893,True,True,True
16500.0,0.15,1.0,0.7,0.013748402383491658,0.5251839086718393,0.8699240997012201,2.080124547987701,34.67140192318036,9560214.121595241,0.6633971193150688,True,True,True
17000.0,0.0,0.3,0.3,0.5821854342639061,0.6479479222607651,0.9197106661229045,1.0,31.808625617596658,206458942.2993646,0.7578176406591524,True,True,True
17000.0,0.1,0.3,0.3,0.5821854342639061,0.6479479222607651,0.9717143552512466,1.151680648019845,33.08097064230053,237774768.456824,0.8006673263836255,True,True,True
17000.0,0.15,0.3,0.3,0.5821854342639061,0.6479479222607651,0.9920376702282916,1.2087966512751571,34.67140192318036,249566878.07728282,0.8174132087285616,True,True,True
17000.0,0.0,0.3,0.5,0.12575205380100374,0.6284697442132058,0.9145438907578087,1.0,31.808625617596658,44595131.53666276,0.7446535279270593,True,True,True
17000.0,0.1,0.3,0.5,0.12575205380100374,0.6284697442132058,0.9783208997317431,1.271431304860563,33.08097064230053,56699646.280087575,0.7965829926722925,True,True,True
17000.0,0.15,0.3,0.5,0.12575205380100374,0.6284697442132058,0.9665343472441825,1.6404509398191112,34.67140192318036,73156125.4406753,0.7869859706150059,True,True,True
17000.0,0.0,0.3,0.7,0.0458280079449722,0.5990277919554349,0.9067823029115004,1.0,31.808625617596658,16251870.09353599,0.7249850518044204,True,True,True
17000.0,0.1,0.3,0.7,0.0458280079449722,0.5990277919554349,0.9670731286449818,1.7228732275000502,33.08097064230053,27999911.880961895,0.7731884047783099,True,True,True
17000.0,0.15,0.3,0.7,0.0458280079449722,0.5990277919554349,0.9604570000353636,1.9298353494244838,34.67140192318036,31363433.400760345,0.7678987180173443,True,True,True
17000.0,0.0,0.6,0.3,0.29109271713195306,0.641548673003529,0.8749793064132703,1.0,31.808625617596658,103229471.1496823,0.7181605596741261,True,True,True
17000.0,0.1,0.6,0.3,0.29109271713195306,0.641548673003529,0.9338758824940476,1.2619278278328425,33.08097064230053,130268142.29625167,0.7665013578290518,True,True,True
17000.0,0.15,0.6,0.3,0.29109271713195306,0.641548673003529,0.9212089959548667,1.5680134842068083,34.67140192318036,161865202.73023954,0.7561047024343125,True,True,True
17000.0,0.0,0.6,0.5,0.06287602690050187,0.6099387582226025,0.8663661861832036,1.0,31.808625617596658,22297565.76833138,0.6973982509749195,True,True,True
17000.0,0.1,0.6,0.5,0.06287602690050187,0.6099387582226025,0.9473691289401064,1.6558798646036643,33.08097064230053,36922090.185455866,0.7626031395121318,True,True,True
17000.0,0.15,0.6,0.5,0.06287602690050187,0.6099387582226025,0.9341897828377606,1.9679749474672363,34.67140192318036,43881050.821579196,0.7519941694630335,True,True,True
17000.0,0.0,0.6,0.7,0.0229140039724861,0.5648264376681775,0.8503713678896534,1.0,31.808625617596658,8125935.046767995,0.6653417991548908,True,True,True
17000.0,0.1,0.6,0.7,0.0229140039724861,0.5648264376681775,0.9115247731452154,1.8399087954738962,33.08097064230053,14950979.36399802,0.7131890318035605,True,True,True
17000.0,0.15,0.6,0.7,0.0229140039724861,0.5648264376681775,0.9282969436850292,2.019532593194741,34.67140192318036,16410590.6771314,0.7263117997424505,True,True,True
17000.0,0.0,1.0,0.3,0.17465563027917186,0.6345419708376958,0.8342294815770418,1.0,31.808625617596658,61937682.68980939,0.6817915504739236,True,True,True
17000.0,0.1,1.0,0.3,0.17465563027917186,0.6345419708376958,0.9226604652350907,1.5489815943424299,33.08097064230053,95940330.48273647,0.7540636276296953,True,True,True
17000.0,0.15,1.0,0.3,0.17465563027917186,0.6345419708376958,0.9185936707662771,1.8632171509156128,34.67140192318036,115403352.67562193,0.750739954506672,True,True,True
17000.0,0.0,1.0,0.5,0.037725616140301114,0.5912347547420074,0.8196538846444962,1.0,31.808625617596658,13378539.460998824,0.6521308740528092,True,True,True
17000.0,0.1,1.0,0.5,0.037725616140301114,0.5912347547420074,0.8868737717072662,1.8287360593203972,33.08097064230053,24465817.53336942,0.7056121843048654,True,True,True
17000.0,0.15,1.0,0.5,0.037725616140301114,0.5912347547420074,0.9108010384666032,2.1766801636873927,34.67140192318036,29120801.46386516,0.7246491335315854,True,True,True
17000.0,0.0,1.0,0.7,0.013748402383491658,0.5290041443821665,0.7924098380908393,1.0,31.808625617596658,4875561.028060796,0.6057989632450475,True,True,True
17000.0,0.1,1.0,0.7,0.013748402383491658,0.5290041443821665,0.8819784100765838,2.143542593196637,33.08097064230053,10450972.729377901,0.6742743221313453,True,True,True
17000.0,0.15,1.0,0.7,0.013748402383491658,0.5290041443821665,0.8699240997012201,2.080124547987701,34.67140192318036,10141774.179681415,0.6650587768705453,True,True,True
17500.0,0.0,0.3,0.3,0.5821854342639061,0.6535558030645621,0.9197106661229045,1.0,31.808625617596658,218251140.05072802,0.7603964545539513,True,True,True
17500.0,0.1,0.3,0.3,0.5821854342639061,0.6535558030645621,0.9717143552512466,1.151680648019845,33.08097064230053,251355614.40469238,0.8033919555234191,True,True,True
17500.0,0.15,0.3,0.3,0.5821854342639061,0.6535558030645621,0.9920376702282916,1.2087966512751571,34.67140192318036,263821247.23030537,0.82019482323232,True,True,True
17500.0,0.0,0.3,0.5,0.12575205380100374,0.6329356657597733,0.9145438907578087,1.0,31.808625617596658,47142246.25095725,0.7466956685605679,True,True,True
17500.0,0.1,0.3,0.5,0.12575205380100374,0.6329356657597733,0.9783208997317431,1.271431304860563,33.08097064230053,59938127.66491256,0.7987675448650772,True,True,True
17500.0,0.15,0.3,0.5,0.12575205380100374,0.6329356657597733,0.9665343472441825,1.6404509398191112,34.67140192318036,77334542.16756679,0.7891442038984335,True,True,True
17500.0,0.0,0.3,0.7,0.0458280079449722,0.6031051028417614,0.9067823029115004,1.0,31.808625617596658,17180118.896121446,0.7268336684820151,True,True,True
17500.0,0.1,0.3,0.7,0.0458280079449722,0.6031051028417614,0.9670731286449818,1.7228732275000502,33.08097064230053,29599166.891395357,0.7751599336759588,True,True,True
17500.0,0.15,0.3,0.7,0.0458280079449722,0.6031051028417614,0.9604570000353636,1.9298353494244838,34.67140192318036,33154800.753050707,0.7698567589083907,True,True,True
17500.0,0.0,0.6,0.3,0.29109271713195306,0.6468366170731071,0.8749793064132703,1.0,31.808625617596658,109125570.02536401,0.7204739804913018,True,True,True
17500.0,0.1,0.6,0.3,0.29109271713195306,0.6468366170731071,0.9338758824940476,1.2619278278328425,33.08097064230053,137708593.54312837,0.76897049954633,True,True,True
17500.0,0.15,0.6,0.3,0.29109271713195306,0.6468366170731071,0.9212089959548667,1.5680134842068083,34.67140192318036,171110365.27152506,0.7585403532578132,True,True,True
17500.0,0.0,0.6,0.5,0.06287602690050187,0.6141684315671585,0.8663661861832036,1.0,31.808625617596658,23571123.125478625,0.6992304739570813,True,True,True
17500.0,0.1,0.6,0.5,0.06287602690050187,0.6141684315671585,0.9473691289401064,1.6558798646036643,33.08097064230053,39030948.16957384,0.7646066704881983,True,True,True
17500.0,0.15,0.6,0.5,0.06287602690050187,0.6141684315671585,0.9341897828377606,1.9679749474672363,34.67140192318036,46387379.79460756,0.7539698282746462,True,True,True
17500.0,0.0,0.6,0.7,0.0229140039724861,0.5684639754965922,0.8503713678896534,1.0,31.808625617596658,8590059.448060723,0.6668884281643405,True,True,True
17500.0,0.1,0.6,0.7,0.0229140039724861,0.5684639754965922,0.9115247731452154,1.8399087954738962,33.08097064230053,15804925.932130566,0.714846884725487,True,True,True
17500.0,0.15,0.6,0.7,0.0229140039724861,0.5684639754965922,0.9282969436850292,2.019532593194741,34.67140192318036,17347905.03283906,0.7280001573667786,True,True,True
17500.0,0.0,1.0,0.3,0.17465563027917186,0.6392326805602413,0.8342294815770418,1.0,31.808625617596658,65475342.01521841,0.6837481146439573,True,True,True
17500.0,0.1,1.0,0.3,0.17465563027917186,0.6392326805602413,0.9226604652350907,1.5489815943424299,33.08097064230053,101420099.6648489,0.7562275938371386,True,True,True
17500.0,0.15,1.0,0.3,0.17465563027917186,0.6392326805602413,0.9185936707662771,1.8632171509156128,34.67140192318036,121994780.20482056,0.7528943826379381,True,True,True
17500.0,0.0,1.0,0.5,0.037725616140301114,0.5952072163372357,0.8196538846444962,1.0,31.808625617596658,14142673.875287173,0.6537588958418742,True,True,True
17500.0,0.1,1.0,0.5,0.037725616140301114,0.5952072163372357,0.8868737717072662,1.8287360593203972,33.08097064230053,25863217.690946195,0.7073737203038266,True,True,True
17500.0,0.15,1.0,0.5,0.037725616140301114,0.5952072163372357,0.9108010384666032,2.1766801636873927,34.67140192318036,30784077.685837496,0.7264581946046869,True,True,True
17500.0,0.0,1.0,0.7,0.013748402383491658,0.5323542379499604,0.7924098380908393,1.0,31.808625617596658,5154035.668836434,0.6071262867958698,True,True,True
17500.0,0.1,1.0,0.7,0.013748402383491658,0.5323542379499604,0.8819784100765838,2.143542593196637,33.08097064230053,11047894.983005615,0.6757516772306107,True,True,True
17500.0,0.15,1.0,0.7,0.013748402383491658,0.5323542379499604,0.8699240997012201,2.080124547987701,34.67140192318036,10721036.115950877,0.6665159404359843,True,True,True
18000.0,0.0,0.3,0.3,0.5821854342639061,0.6584407076914442,0.9197106661229045,1.0,31.808625617596658,230578492.33372957,0.7626428039981197,True,True,True
18000.0,0.1,0.3,0.3,0.5821854342639061,0.6584407076914442,0.9717143552512466,1.151680648019845,33.08097064230053,265552787.4703485,0.8057653214984064,True,True,True
18000.0,0.15,0.3,0.3,0.5821854342639061,0.6584407076914442,0.9920376702282916,1.2087966512751571,34.67140192318036,278722509.3890868,0.8226178279349897,True,True,True
18000.0,0.0,0.3,0.5,0.12575205380100374,0.6370969600552283,0.9145438907578087,1.0,31.808625617596658,49804954.34408559,0.7485985116983448,True,True,True
18000.0,0.1,0.3,0.5,0.12575205380100374,0.6370969600552283,0.9783208997317431,1.271431304860563,33.08097064230053,63323578.09022151,0.8008030854546662,True,True,True
18000.0,0.15,0.3,0.5,0.12575205380100374,0.6370969600552283,0.9665343472441825,1.6404509398191112,34.67140192318036,81702584.16140313,0.7911552208312078,True,True,True
18000.0,0.0,0.3,0.7,0.0458280079449722,0.6065234178892965,0.9067823029115004,1.0,31.808625617596658,18150493.565628856,0.7283835022774556,True,True,True
18000.0,0.1,0.3,0.7,0.0458280079449722,0.6065234178892965,0.9670731286449818,1.7228732275000502,33.08097064230053,31270999.430133883,0.7768128139898158,True,True,True
18000.0,0.15,0.3,0.7,0.0458280079449722,0.6065234178892965,0.9604570000353636,1.9298353494244838,34.67140192318036,35027464.092452206,0.7714983312162563,True,True,True
18000.0,0.0,0.6,0.3,0.29109271713195306,0.6514936876287214,0.8749793064132703,1.0,31.808625617596658,115289246.16686478,0.7225114006736363,True,True,True
18000.0,0.1,0.6,0.3,0.29109271713195306,0.6514936876287214,0.9338758824940476,1.2619278278328425,33.08097064230053,145486707.98783755,0.7711450624838107,True,True,True
18000.0,0.15,0.6,0.3,0.29109271713195306,0.6514936876287214,0.9212089959548667,1.5680134842068083,34.67140192318036,180775092.57368207,0.7606854209031274,True,True,True
18000.0,0.0,0.6,0.5,0.06287602690050187,0.6177190465775171,0.8663661861832036,1.0,31.808625617596658,24902477.172042795,0.7007685403496459,True,True,True
18000.0,0.1,0.6,0.5,0.06287602690050187,0.6177190465775171,0.9473691289401064,1.6558798646036643,33.08097064230053,41235510.52793806,0.7662885420129809,True,True,True
18000.0,0.15,0.6,0.5,0.06287602690050187,0.6177190465775171,0.9341897828377606,1.9679749474672363,34.67140192318036,49007451.20445497,0.7556283024073799,True,True,True
18000.0,0.0,0.6,0.7,0.0229140039724861,0.5717022393464335,0.8503713678896534,1.0,31.808625617596658,9075246.782814428,0.6682652915941291,True,True,True
18000.0,0.1,0.6,0.7,0.0229140039724861,0.5717022393464335,0.9115247731452154,1.8399087954738962,33.08097064230053,16697626.376796447,0.7163227635860424,True,True,True
18000.0,0.15,0.6,0.7,0.0229140039724861,0.5717022393464335,0.9282969436850292,2.019532593194741,34.67140192318036,18327756.669179454,0.7295031925841052,True,True,True
18000.0,0.0,1.0,0.3,0.17465563027917186,0.6436609350918803,0.8342294815770418,1.0,31.808625617596658,69173547.70011888,0.6855952048850675,True,True,True
18000.0,0.1,1.0,0.3,0.17465563027917186,0.6436609350918803,0.9226604652350907,1.5489815943424299,33.08097064230053,107148552.20285228,0.7582704815303093,True,True,True
18000.0,0.15,1.0,0.3,0.17465563027917186,0.6436609350918803,0.9185936707662771,1.8632171509156128,34.67140192318036,128885340.46454075,0.7549282659305909,True,True,True
18000.0,0.0,1.0,0.5,0.037725616140301114,0.5985556937122791,0.8196538846444962,1.0,31.808625617596658,14941486.303225674,0.6551311920859235,True,True,True
18000.0,0.1,1.0,0.5,0.037725616140301114,0.5985556937122791,0.8868737717072662,1.8287360593203972,33.08097064230053,27324034.782550607,0.7088585586833672,True,True,True
18000.0,0.15,1.0,0.5,0.037725616140301114,0.5985556937122791,0.9108010384666032,2.1766801636873927,34.67140192318036,32522836.852238197,0.7279830929399226,True,True,True
18000.0,0.0,1.0,0.7,0.013748402383491658,0.5352406605940846,0.7924098380908393,1.0,31.808625617596658,5445148.069688656,0.6082699016459159,True,True,True
18000.0,0.1,1.0,0.7,0.013748402383491658,0.5352406605940846,0.8819784100765838,2.143542593196637,33.08097064230053,11671906.813640086,0.6770245584578476,True,True,True
18000.0,0.15,1.0,0.7,0.013748402383491658,0.5352406605940846,0.8699240997012201,2.080124547987701,34.67140192318036,11326586.16718722,0.6677714247460078,True,True,True
18500.0,0.0,0.3,0.3,0.5821854342639061,0.663185720775851,0.9197106661229045,1.0,31.808625617596658,243291556.9181124,0.7648248235704305,True,True,True
18500.0,0.1,0.3,0.3,0.5821854342639061,0.663185720775851,0.9717143552512466,1.151680648019845,33.08097064230053,280194177.9292087,0.8080707201633929,True,True,True
18500.0,0.15,0.3,0.3,0.5821854342639061,0.663185720775851,0.9920376702282916,1.2087966512751571,34.67140192318036,294090019.2861335,0.8249714437977185,True,True,True
18500.0,0.0,0.3,0.5,0.12575205380100374,0.6409483066575924,0.9145438907578087,1.0,31.808625617596658,52550976.29431228,0.7503596244515363,True,True,True
18500.0,0.1,0.3,0.5,0.12575205380100374,0.6409483066575924,0.9783208997317431,1.271431304860563,33.08097064230053,66814956.36157398,0.8026870118912681,True,True,True
18500.0,0.15,0.3,0.5,0.12575205380100374,0.6409483066575924,0.9665343472441825,1.6404509398191112,34.67140192318036,86207298.45041642,0.7930164502183714,True,True,True
18500.0,0.0,0.3,0.7,0.0458280079449722,0.6097539304261734,0.9067823029115004,1.0,31.808625617596658,19151230.42795637,0.7298481880763423,True,True,True
18500.0,0.1,0.3,0.7,0.0458280079449722,0.6097539304261734,0.9670731286449818,1.7228732275000502,33.08097064230053,32995142.178010356,0.778374884922898,True,True,True
18500.0,0.15,0.3,0.7,0.0458280079449722,0.6097539304261734,0.9604570000353636,1.9298353494244838,34.67140192318036,36958721.46484398,0.773049715406129,True,True,True
18500.0,0.0,0.6,0.3,0.29109271713195306,0.6558805379632303,0.8749793064132703,1.0,31.808625617596658,121645778.4590562,0.72443060230515,True,True,True
18500.0,0.1,0.6,0.3,0.29109271713195306,0.6558805379632303,0.9338758824940476,1.2619278278328425,33.08097064230053,153508192.97587198,0.773193449347565,True,True,True
18500.0,0.15,0.6,0.3,0.29109271713195306,0.6558805379632303,0.9212089959548667,1.5680134842068083,34.67140192318036,190742220.9206342,0.762706023899156,True,True,True
18500.0,0.0,0.6,0.5,0.06287602690050187,0.6211398768821025,0.8663661861832036,1.0,31.808625617596658,26275488.14715614,0.7022503862019276,True,True,True
18500.0,0.1,0.6,0.5,0.06287602690050187,0.6211398768821025,0.9473691289401064,1.6558798646036643,33.08097064230053,43509051.755508095,0.7679089365259343,True,True,True
18500.0,0.15,0.6,0.5,0.06287602690050187,0.6211398768821025,0.9341897828377606,1.9679749474672363,34.67140192318036,51709502.4060756,0.7572261547670626,True,True,True
18500.0,0.0,0.6,0.7,0.0229140039724861,0.5744795255803101,0.8503713678896534,1.0,31.808625617596658,9575615.213978184,0.6694461539409904,True,True,True
18500.0,0.1,0.6,0.7,0.0229140039724861,0.5744795255803101,0.9115247731452154,1.8399087954738962,33.08097064230053,17618258.654272117,0.7175885461881892,True,True,True
18500.0,0.15,0.6,0.7,0.0229140039724861,0.5744795255803101,0.9282969436850292,2.019532593194741,34.67140192318036,19338267.02452038,0.7307922657454283,True,True,True
18500.0,0.0,1.0,0.3,0.17465563027917186,0.6477209741106801,0.8342294815770418,1.0,31.808625617596658,72987467.07543373,0.6872887070079855,True,True,True
18500.0,0.1,1.0,0.3,0.17465563027917186,0.6477209741106801,0.9226604652350907,1.5489815943424299,33.08097064230053,113056243.11752094,0.7601435002752885,True,True,True
18500.0,0.15,1.0,0.3,0.17465563027917186,0.6477209741106801,0.9185936707662771,1.8632171509156128,34.67140192318036,135991500.45683673,0.7567930290034578,True,True,True
18500.0,0.0,1.0,0.5,0.037725616140301114,0.601665335322703,0.8196538846444962,1.0,31.808625617596658,15765292.888293682,0.6564056069988415,True,True,True
18500.0,0.1,1.0,0.5,0.037725616140301114,0.601665335322703,0.8868737717072662,1.8287360593203972,33.08097064230053,28830559.59057007,0.7102374884752145,True,True,True
18500.0,0.15,1.0,0.5,0.037725616140301114,0.601665335322703,0.9108010384666032,2.1766801636873927,34.67140192318036,34316000.30467078,0.7293992253439391,True,True,True
18500.0,0.0,1.0,0.7,0.013748402383491658,0.5377079677480723,0.7924098380908393,1.0,31.808625617596658,5745369.12838691,0.6092474608771218,True,True,True
18500.0,0.1,1.0,0.7,0.013748402383491658,0.5377079677480723,0.8819784100765838,2.143542593196637,33.08097064230053,12315443.44033438,0.6781126142782699,True,True,True
18500.0,0.15,1.0,0.7,0.013748402383491658,0.5377079677480723,0.8699240997012201,2.080124547987701,34.67140192318036,11951083.361208314,0.6688446097233173,True,True,True
19000.0,0.0,0.3,0.3,0.5821854342639061,0.6674321223306525,0.9197106661229045,1.0,31.808625617596658,256091370.64482534,0.7667775539717264,True,True,True
19000.0,0.1,0.3,0.3,0.5821854342639061,0.6674321223306525,0.9717143552512466,1.151680648019845,33.08097064230053,294935475.6965227,0.8101338648378739,True,True,True
19000.0,0.15,0.3,0.3,0.5821854342639061,0.6674321223306525,0.9920376702282916,1.2087966512751571,34.67140192318036,309562391.25592995,0.8270777389503581,True,True,True
19000.0,0.0,0.3,0.5,0.12575205380100374,0.6445563437368724,0.9145438907578087,1.0,31.808625617596658,55315736.05928228,0.7520094785857778,True,True,True
19000.0,0.1,0.3,0.5,0.12575205380100374,0.6445563437368724,0.9783208997317431,1.271431304860563,33.08097064230053,70330158.47717577,0.8044519209321014,True,True,True
19000.0,0.15,0.3,0.5,0.12575205380100374,0.6445563437368724,0.9665343472441825,1.6404509398191112,34.67140192318036,90742751.20523551,0.7947600960999988,True,True,True
19000.0,0.0,0.3,0.7,0.0458280079449722,0.6125276173485728,0.9067823029115004,1.0,31.808625617596658,20158795.939971674,0.7311057531838667,True,True,True
19000.0,0.1,0.3,0.7,0.0458280079449722,0.6125276173485728,0.9670731286449818,1.7228732275000502,33.08097064230053,34731049.823613904,0.7797160639678612,True,True,True
19000.0,0.15,0.3,0.7,0.0458280079449722,0.6125276173485728,0.9604570000353636,1.9298353494244838,34.67140192318036,38903157.0067921,0.7743817189163915,True,True,True
19000.0,0.0,0.6,0.3,0.29109271713195306,0.6598670750004535,0.8749793064132703,1.0,31.808625617596658,128045685.32241267,0.7261746710110603,True,True,True
19000.0,0.1,0.6,0.3,0.29109271713195306,0.6598670750004535,0.9338758824940476,1.2619278278328425,33.08097064230053,161584413.5422799,0.7750549147444311,True,True,True
19000.0,0.15,0.6,0.3,0.29109271713195306,0.6598670750004535,0.9212089959548667,1.5680134842068083,34.67140192318036,200777361.18004486,0.7645422407898547,True,True,True
19000.0,0.0,0.6,0.5,0.06287602690050187,0.6242217195610388,0.8663661861832036,1.0,31.808625617596658,27657868.02964114,0.7035853883460109,True,True,True
19000.0,0.1,0.6,0.5,0.06287602690050187,0.6242217195610388,0.9473691289401064,1.6558798646036643,33.08097064230053,45798106.768148184,0.7693687578330715,True,True,True
19000.0,0.15,0.6,0.5,0.06287602690050187,0.6242217195610388,0.9341897828377606,1.9679749474672363,34.67140192318036,54429991.382688776,0.7586656677385504,True,True,True
19000.0,0.0,0.6,0.7,0.0229140039724861,0.576884775411391,0.8503713678896534,1.0,31.808625617596658,10079397.969985837,0.6704688317354768,True,True,True
19000.0,0.1,0.6,0.7,0.0229140039724861,0.576884775411391,0.9115247731452154,1.8399087954738962,33.08097064230053,18545172.978058677,0.7186847685915061,True,True,True
19000.0,0.15,0.6,0.7,0.0229140039724861,0.576884775411391,0.9282969436850292,2.019532593194741,34.67140192318036,20355672.72016731,0.7319086587789241,True,True,True
19000.0,0.0,1.0,0.3,0.17465563027917186,0.6515034492988611,0.8342294815770418,1.0,31.808625617596658,76827411.19344762,0.6888664331656427,True,True,True
19000.0,0.1,1.0,0.3,0.17465563027917186,0.6515034492988611,0.9226604652350907,1.5489815943424299,33.08097064230053,119004245.87962794,0.7618884704337221,True,True,True
19000.0,0.15,1.0,0.3,0.17465563027917186,0.6515034492988611,0.9185936707662771,1.8632171509156128,34.67140192318036,143146150.19607773,0.7585303078873045,True,True,True
19000.0,0.0,1.0,0.5,0.037725616140301114,0.6042817075920597,0.8196538846444962,1.0,31.808625617596658,16594720.817784682,0.6574778668459688,True,True,True
19000.0,0.1,1.0,0.5,0.037725616140301114,0.6042817075920597,0.8868737717072662,1.8287360593203972,33.08097064230053,30347364.353837717,0.7113976844465718,True,True,True
19000.0,0.15,1.0,0.5,0.037725616140301114,0.6042817075920597,0.9108010384666032,2.1766801636873927,34.67140192318036,36121399.62600215,0.7305907226339117,True,True,True
19000.0,0.0,1.0,0.7,0.013748402383491658,0.5398116306273617,0.7924098380908393,1.0,31.808625617596658,6047638.781991501,0.6100809424579094,True,True,True
19000.0,0.1,1.0,0.7,0.013748402383491658,0.5398116306273617,0.8819784100765838,2.143542593196637,33.08097064230053,12963371.317466615,0.6790403068990762,True,True,True
19000.0,0.15,1.0,0.7,0.013748402383491658,0.5398116306273617,0.8699240997012201,2.080124547987701,34.67140192318036,12579841.887782963,0.6697596232414876,True,True,True
19500.0,0.0,0.3,0.3,0.5821854342639061,0.6713247852372898,0.9197106661229045,1.0,31.808625617596658,269148288.4869828,0.768567615769154,True,True,True
19500.0,0.1,0.3,0.3,0.5821854342639061,0.6713247852372898,0.9717143552512466,1.151680648019845,33.08097064230053,309972875.29812056,0.8120251430511406,True,True,True
19500.0,0.15,0.3,0.3,0.5821854342639061,0.6713247852372898,0.9920376702282916,1.2087966512751571,34.67140192318036,325345549.81950474,0.8290085730708003,True,True,True
19500.0,0.0,0.3,0.5,0.12575205380100374,0.6473145888049643,0.9145438907578087,1.0,31.808625617596658,58136030.31318829,0.7532707466738959,True,True,True
19500.0,0.1,0.3,0.5,0.12575205380100374,0.6473145888049643,0.9783208997317431,1.271431304860563,33.08097064230053,73915968.88051024,0.8058011453304496,True,True,True
19500.0,0.15,0.3,0.5,0.12575205380100374,0.6473145888049643,0.9665343472441825,1.6404509398191112,34.67140192318036,95369305.56462207,0.7960930653982126,True,True,True
19500.0,0.0,0.3,0.7,0.0458280079449722,0.6147426427114097,0.9067823029115004,1.0,31.808625617596658,21186599.96836308,0.7321100260836271,True,True,True
19500.0,0.1,0.3,0.7,0.0458280079449722,0.6147426427114097,0.9670731286449818,1.7228732275000502,33.08097064230053,36501825.86724616,0.7807871097216945,True,True,True
19500.0,0.15,0.3,0.7,0.0458280079449722,0.6147426427114097,0.9604570000353636,1.9298353494244838,34.67140192318036,40886649.55306272,0.7754454372238877,True,True,True
19500.0,0.0,0.6,0.3,0.29109271713195306,0.6637030202079646,0.8749793064132703,1.0,31.808625617596658,134574144.2434914,0.7278528573496139,True,True,True
19500.0,0.1,0.6,0.3,0.29109271713195306,0.6637030202079646,0.9338758824940476,1.2619278278328425,33.08097064230053,169822857.52765274,0.7768460631023626,True,True,True
19500.0,0.15,0.6,0.3,0.29109271713195306,0.6637030202079646,0.9212089959548667,1.5680134842068083,34.67140192318036,211014072.79938656,0.7663090944064291,True,True,True
19500.0,0.0,0.6,0.5,0.06287602690050187,0.626408839536129,0.8663661861832036,1.0,31.808625617596658,29068015.156594146,0.7045328117417831,True,True,True
19500.0,0.1,0.6,0.5,0.06287602690050187,0.626408839536129,0.9473691289401064,1.6558798646036643,33.08097064230053,48133141.00179838,0.770404762805916,True,True,True
19500.0,0.15,0.6,0.5,0.06287602690050187,0.626408839536129,0.9341897828377606,1.9679749474672363,34.67140192318036,57205125.6007752,0.7596872603058353,True,True,True
19500.0,0.0,0.6,0.7,0.0229140039724861,0.5788912627976265,0.8503713678896534,1.0,31.808625617596658,10593299.98418154,0.6713219614471199,True,True,True
19500.0,0.1,0.6,0.7,0.0229140039724861,0.5788912627976265,0.9115247731452154,1.8399087954738962,33.08097064230053,19490705.8139891,0.7195992500712846,True,True,True
19500.0,0.15,0.6,0.7,0.0229140039724861,0.5788912627976265,0.9282969436850292,2.019532593194741,34.67140192318036,21393514.587543957,0.7328399668330164,True,True,True
19500.0,0.0,1.0,0.3,0.17465563027917186,0.6546869907738858,0.8342294815770418,1.0,31.808625617596658,80744486.54609486,0.6901943352427871,True,True,True
19500.0,0.1,1.0,0.3,0.17465563027917186,0.6546869907738858,0.9226604652350907,1.5489815943424299,33.08097064230053,125071723.5045309,0.763357134362943,True,True,True
19500.0,0.15,1.0,0.3,0.17465563027917186,0.6546869907738858,0.9185936707662771,1.8632171509156128,34.67140192318036,150444512.1745589,0.7599924984120944,True,True,True
19500.0,0.0,1.0,0.5,0.037725616140301114,0.6064855610768178,0.8196538846444962,1.0,31.808625617596658,17440809.093956485,0.6583810653809534,True,True,True
19500.0,0.1,1.0,0.5,0.037725616140301114,0.6064855610768178,0.8868737717072662,1.8287360593203972,33.08097064230053,31894636.49384133,0.7123749543727306,True,True,True
19500.0,0.15,1.0,0.5,0.037725616140301114,0.6064855610768178,0.9108010384666032,2.1766801636873927,34.67140192318036,37963063.19347377,0.7315943586551847,True,True,True
19500.0,0.0,1.0,0.7,0.013748402383491658,0.5416809830942532,0.7924098380908393,1.0,31.808625617596658,6355979.990508922,0.6108215891007215,True,True,True
19500.0,0.1,1.0,0.7,0.013748402383491658,0.5416809830942532,0.8819784100765838,2.143542593196637,33.08097064230053,13624313.831161434,0.679864671157387,True,True,True
19500.0,0.15,1.0,0.7,0.013748402383491658,0.5416809830942532,0.8699240997012201,2.080124547987701,34.67140192318036,13221230.004776245,0.67057272062238,True,True,True
20000.0,0.0,0.3,0.3,0.5821854342639061,0.6744112796451064,0.9197106661229045,1.0,31.808625617596658,282857685.4993333,0.7699869566830528,True,True,True
20000.0,0.1,0.3,0.3,0.5821854342639061,0.6744112796451064,0.9717143552512466,1.151680648019845,33.08097064230053,325761722.5332657,0.8135247385128797,True,True,True
20000.0,0.15,0.3,0.3,0.5821854342639061,0.6744112796451064,0.9920376702282916,1.2087966512751571,34.67140192318036,341917423.0190357,0.8305395324315519,True,True,True
20000.0,0.0,0.3,0.5,0.12575205380100374,0.6503234028777266,0.9145438907578087,1.0,31.808625617596658,61097260.06785601,0.7546465929382313,True,True,True
20000.0,0.1,0.3,0.5,0.12575205380100374,0.6503234028777266,0.9783208997317431,1.271431304860563,33.08097064230053,77680969.09147933,0.8072729381758447,True,True,True
20000.0,0.15,0.3,0.5,0.12575205380100374,0.6503234028777266,0.9665343472441825,1.6404509398191112,34.67140192318036,100227057.69868703,0.7975471264711107,True,True,True
20000.0,0.0,0.3,0.7,0.0458280079449722,0.6167325585370218,0.9067823029115004,1.0,31.808625617596658,22265765.330851313,0.7330122363111014,True,True,True
20000.0,0.1,0.3,0.7,0.0458280079449722,0.6167325585370218,0.9670731286449818,1.7228732275000502,33.08097064230053,38361090.97832253,0.781749306783302,True,True,True
20000.0,0.15,0.3,0.7,0.0458280079449722,0.6167325585370218,0.9604570000353636,1.9298353494244838,34.67140192318036,42969261.017467,0.7764010515159829,True,True,True
20000.0,0.0,0.6,0.3,0.29109271713195306,0.6665687476728511,0.8749793064132703,1.0,31.808625617596658,141428842.74966666,0.7291065834644118,True,True,True
20000.0,0.1,0.6,0.3,0.29109271713195306,0.6665687476728511,0.9338758824940476,1.2619278278328425,33.08097064230053,178472992.3239995,0.7781841799849918,True,True,True
20000.0,0.15,0.6,0.3,0.29109271713195306,0.6665687476728511,0.9212089959548667,1.5680134842068083,34.67140192318036,221762332.48724163,0.7676290613667334,True,True,True
20000.0,0.0,0.6,0.5,0.06287602690050187,0.6290012846980066,0.8663661861832036,1.0,31.808625617596658,30548630.033928003,0.7056558151556755,True,True,True
20000.0,0.1,0.6,0.5,0.06287602690050187,0.6290012846980066,0.9473691289401064,1.6558798646036643,33.08097064230053,50584861.364408135,0.7716327640633324,True,True,True
20000.0,0.15,0.6,0.5,0.06287602690050187,0.6290012846980066,0.9341897828377606,1.9679749474672363,34.67140192318036,60118938.5862155,0.7608981781972319,True,True,True
20000.0,0.0,0.6,0.7,0.0229140039724861,0.5805864555954486,0.8503713678896534,1.0,31.808625617596658,11132882.665425656,0.6720427331562804,True,True,True
20000.0,0.1,0.6,0.7,0.0229140039724861,0.5805864555954486,0.9115247731452154,1.8399087954738962,33.08097064230053,20483488.73509554,0.7203718551865208,True,True,True
20000.0,0.15,0.6,0.7,0.0229140039724861,0.5805864555954486,0.9282969436850292,2.019532593194741,34.67140192318036,22483219.399039857,0.7336267879796041,True,True,True
20000.0,0.0,1.0,0.3,0.17465563027917186,0.6576501964076115,0.8342294815770418,1.0,31.808625617596658,84857305.6498,0.6914303319926016,True,True,True
20000.0,0.1,1.0,0.3,0.17465563027917186,0.6576501964076115,0.9226604652350907,1.5489815943424299,33.08097064230053,131442404.59703009,0.7647241507072431,True,True,True
20000.0,0.15,1.0,0.3,0.17465563027917186,0.6576501964076115,0.9185936707662771,1.8632171509156128,34.67140192318036,158107587.2671957,0.7613534893822539,True,True,True
20000.0,0.0,1.0,0.5,0.037725616140301114,0.6082126106906378,0.8196538846444962,1.0,31.808625617596658,18329178.0203568,0.659088856843424,True,True,True
20000.0,0.1,1.0,0.5,0.037725616140301114,0.6082126106906378,0.8868737717072662,1.8287360593203972,33.08097064230053,33519228.783529334,0.7131407918751976,True,True,True
20000.0,0.15,1.0,0.5,0.037725616140301114,0.6082126106906378,0.9108010384666032,2.1766801636873927,34.67140192318036,39896758.2136056,0.73238085794606,True,True,True
20000.0,0.0,1.0,0.7,0.013748402383491658,0.5432351631250576,0.7924098380908393,1.0,31.808625617596658,6679729.599255391,0.6114373628740084,True,True,True
20000.0,0.1,1.0,0.7,0.013748402383491658,0.5432351631250576,0.8819784100765838,2.143542593196637,33.08097064230053,14318284.907040237,0.6805500477736579,True,True,True
20000.0,0.15,1.0,0.7,0.013748402383491658,0.5432351631250576,0.8699240997012201,2.080124547987701,34.67140192318036,13894669.513331188,0.6712487299544156,True,True,True
20500.0,0.0,0.3,0.3,0.5821854342639061,0.6767792694869935,0.9197106661229045,1.0,31.808625617596658,296723279.3379628,0.77107588944048,True,True,True
20500.0,0.1,0.3,0.3,0.5821854342639061,0.6767792694869935,0.9717143552512466,1.151680648019845,33.08097064230053,341730458.6305185,0.814675243374105,True,True,True
20500.0,0.15,0.3,0.3,0.5821854342639061,0.6767792694869935,0.9920376702282916,1.2087966512751571,34.67140192318036,358678106.41911244,0.8317140999944869,True,True,True
20500.0,0.0,0.3,0.5,0.12575205380100374,0.6523149305541549,0.9145438907578087,1.0,31.808625617596658,64092228.33699996,0.7555572626731076,True,True,True
20500.0,0.1,0.3,0.5,0.12575205380100374,0.6523149305541549,0.9783208997317431,1.271431304860563,33.08097064230053,81488865.50593302,0.8082471147499667,True,True,True
20500.0,0.15,0.3,0.5,0.12575205380100374,0.6523149305541549,0.9665343472441825,1.6404509398191112,34.67140192318036,105140156.21053265,0.7985095664224885,True,True,True
20500.0,0.0,0.3,0.7,0.0458280079449722,0.6177554352487769,0.9067823029115004,1.0,31.808625617596658,23357226.07033526,0.7334759995612413,True,True,True
20500.0,0.1,0.3,0.7,0.0458280079449722,0.6177554352487769,0.9670731286449818,1.7228732275000502,33.08097064230053,40241539.46524683,0.7822439050742295,True,True,True
20500.0,0.15,0.3,0.7,0.0458280079449722,0.6177554352487769,0.9604570000353636,1.9298353494244838,34.67140192318036,45075600.53503211,0.7768922660649721,True,True,True
20500.0,0.0,0.6,0.3,0.29109271713195306,0.6685028905414357,0.8749793064132703,1.0,31.808625617596658,148361639.6689814,0.7299527509572411,True,True,True
20500.0,0.1,0.6,0.3,0.29109271713195306,0.6685028905414357,0.9338758824940476,1.2619278278328425,33.08097064230053,187221681.68119657,0.7790873046741263,True,True,True
20500.0,0.15,0.6,0.3,0.29109271713195306,0.6685028905414357,0.9212089959548667,1.5680134842068083,34.67140192318036,232633051.53999457,0.7685199362717345,True,True,True
20500.0,0.0,0.6,0.5,0.06287602690050187,0.6306291092831202,0.8663661861832036,1.0,31.808625617596658,32046114.16849998,0.7063609612444656,True,True,True
20500.0,0.1,0.6,0.5,0.06287602690050187,0.6306291092831202,0.9473691289401064,1.6558798646036643,33.08097064230053,53064515.19040932,0.7724038394429655,True,True,True
20500.0,0.15,0.6,0.5,0.06287602690050187,0.6306291092831202,0.9341897828377606,1.9679749474672363,34.67140192318036,63065949.847282805,0.7616585267450645,True,True,True
20500.0,0.0,0.6,0.7,0.0229140039724861,0.5818587538540814,0.8503713678896534,1.0,31.808625617596658,11678613.03516763,0.6725836961615589,True,True,True
20500.0,0.1,0.6,0.7,0.0229140039724861,0.5818587538540814,0.9115247731452154,1.8399087954738962,33.08097064230053,21487582.842341017,0.7209517208773073,True,True,True
20500.0,0.15,0.6,0.7,0.0229140039724861,0.5818587538540814,0.9282969436850292,2.019532593194741,34.67140192318036,23585339.667829994,0.7342173232720763,True,True,True
20500.0,0.0,1.0,0.3,0.17465563027917186,0.6595994146207298,0.8342294815770418,1.0,31.808625617596658,89016983.80138884,0.6922433796423068,True,True,True
20500.0,0.1,1.0,0.3,0.17465563027917186,0.6595994146207298,0.9226604652350907,1.5489815943424299,33.08097064230053,137885669.49222955,0.7656233839989234,True,True,True
20500.0,0.15,1.0,0.3,0.17465563027917186,0.6595994146207298,0.9185936707662771,1.8632171509156128,34.67140192318036,165857970.94152498,0.7622487591390104,True,True,True
20500.0,0.0,1.0,0.5,0.037725616140301114,0.6090288659138813,0.8196538846444962,1.0,31.808625617596658,19227668.501099985,0.6594233802257206,True,True,True
20500.0,0.1,1.0,0.5,0.037725616140301114,0.6090288659138813,0.8868737717072662,1.8287360593203972,33.08097064230053,35162330.72462051,0.7135027495494546,True,True,True
20500.0,0.15,1.0,0.5,0.037725616140301114,0.6090288659138813,0.9108010384666032,2.1766801636873927,34.67140192318036,41852484.62030124,0.732752580998552,True,True,True
20500.0,0.0,1.0,0.7,0.013748402383491658,0.5446962373635509,0.7924098380908393,1.0,31.808625617596658,7007167.821100578,0.61201624767439,True,True,True
20500.0,0.1,1.0,0.7,0.013748402383491658,0.5446962373635509,0.8819784100765838,2.143542593196637,33.08097064230053,15020162.682205962,0.681194365740593,True,True,True
20500.0,0.15,1.0,0.7,0.013748402383491658,0.5446962373635509,0.8699240997012201,2.080124547987701,34.67140192318036,14575781.796540804,0.6718842418001746,True,True,True
21000.0,0.0,0.3,0.3,0.5821854342639061,0.6782395342291488,0.9197106661229045,1.0,31.808625617596658,311008396.45524174,0.7717473999698418,True,True,True
21000.0,0.1,0.3,0.3,0.5821854342639061,0.6782395342291488,0.9717143552512466,1.151680648019845,33.08097064230053,358182351.5691857,0.815384723480315,True,True,True
21000.0,0.15,0.3,0.3,0.5821854342639061,0.6782395342291488,0.9920376702282916,1.2087966512751571,34.67140192318036,375945908.15355265,0.8324384188108491,True,True,True
21000.0,0.0,0.3,0.5,0.12575205380100374,0.6536732789412442,0.9145438907578087,1.0,31.808625617596658,67177813.63433222,0.7561783972825743,True,True,True
21000.0,0.1,0.3,0.5,0.12575205380100374,0.6536732789412442,0.9783208997317431,1.271431304860563,33.08097064230053,85411975.24677874,0.8089115650580699,True,True,True
21000.0,0.15,0.3,0.5,0.12575205380100374,0.6536732789412442,0.9665343472441825,1.6404509398191112,34.67140192318036,110201907.5114334,0.7991660116083112,True,True,True
21000.0,0.0,0.3,0.7,0.0458280079449722,0.6203624667969079,0.9067823029115004,1.0,31.808625617596658,24481710.508138563,0.7346580045967299,True,True,True
21000.0,0.1,0.3,0.7,0.0458280079449722,0.6203624667969079,0.9670731286449818,1.7228732275000502,33.08097064230053,42178883.59787858,0.7835045001520932,True,True,True
21000.0,0.15,0.3,0.7,0.0458280079449722,0.6203624667969079,0.9604570000353636,1.9298353494244838,34.67140192318036,47245670.35298264,0.7781442369148298,True,True,True
21000.0,0.0,0.6,0.3,0.29109271713195306,0.6694346457140833,0.8749793064132703,1.0,31.808625617596658,155504198.22762087,0.7303603842045961,True,True,True
21000.0,0.1,0.6,0.3,0.29109271713195306,0.6694346457140833,0.9338758824940476,1.2619278278328425,33.08097064230053,196235075.08826935,0.7795223765161887,True,True,True
21000.0,0.15,0.6,0.3,0.29109271713195306,0.6694346457140833,0.9212089959548667,1.5680134842068083,34.67140192318036,243832679.67167798,0.7689491068952697,True,True,True
21000.0,0.0,0.6,0.5,0.06287602690050187,0.6325245799877578,0.8663661861832036,1.0,31.808625617596658,33588906.81716611,0.707182047107165,True,True,True
21000.0,0.1,0.6,0.5,0.06287602690050187,0.6325245799877578,0.9473691289401064,1.6558798646036643,33.08097064230053,55619194.47259412,0.7733016946581576,True,True,True
21000.0,0.15,0.6,0.5,0.06287602690050187,0.6325245799877578,0.9341897828377606,1.9679749474672363,34.67140192318036,66102127.128994375,0.7625438914280349,True,True,True
21000.0,0.0,0.6,0.7,0.0229140039724861,0.583297182007553,0.8503713678896534,1.0,31.808625617596658,12240855.254069282,0.6731952952197982,True,True,True
21000.0,0.1,0.6,0.7,0.0229140039724861,0.583297182007553,0.9115247731452154,1.8399087954738962,33.08097064230053,22522057.246084925,0.7216073023254468,True,True,True
21000.0,0.15,0.6,0.7,0.0229140039724861,0.583297182007553,0.9282969436850292,2.019532593194741,34.67140192318036,24720806.15417201,0.7348849675013654,True,True,True
21000.0,0.0,1.0,0.3,0.17465563027917186,0.6608612826783704,0.8342294815770418,1.0,31.808625617596658,93302518.93657252,0.6927697234100788,True,True,True
21000.0,0.1,1.0,0.3,0.17465563027917186,0.6608612826783704,0.9226604652350907,1.5489815943424299,33.08097064230053,144523884.53853685,0.7662055218834873,True,True,True
21000.0,0.15,1.0,0.3,0.17465563027917186,0.6608612826783704,0.9185936707662771,1.8632171509156128,34.67140192318036,173842853.50625068,0.7628283311445558,True,True,True
21000.0,0.0,1.0,0.5,0.037725616140301114,0.6117869693077749,0.8196538846444962,1.0,31.808625617596658,20153344.090299662,0.6605537253062485,True,True,True
21000.0,0.1,1.0,0.5,0.037725616140301114,0.6117869693077749,0.8868737717072662,1.8287360593203972,33.08097064230053,36855147.05382262,0.714725794329305,True,True,True
21000.0,0.15,1.0,0.5,0.037725616140301114,0.6117869693077749,0.9108010384666032,2.1766801636873927,34.67140192318036,43867384.313321814,0.7340086227162302,True,True,True
21000.0,0.0,1.0,0.7,0.013748402383491658,0.545871086783525,0.7924098380908393,1.0,31.808625617596658,7344513.152441567,0.6124817287937214,True,True,True
21000.0,0.1,1.0,0.7,0.013748402383491658,0.545871086783525,0.8819784100765838,2.143542593196637,33.08097064230053,15743276.768551406,0.6817124616523471,True,True,True
21000.0,0.15,1.0,0.7,0.013748402383491658,0.545871086783525,0.8699240997012201,2.080124547987701,34.67140192318036,15277502.10141224,0.6723952567121524,True,True,True
21500.0,0.0,0.3,0.3,0.5821854342639061,0.6791614299921545,0.9197106661229045,1.0,31.808625617596658,325252013.9149006,0.7721713386529866,True,True,True
21500.0,0.1,0.3,0.3,0.5821854342639061,0.6791614299921545,0.9717143552512466,1.151680648019845,33.08097064230053,374586450.15527236,0.8158326331537938,True,True,True
21500.0,0.15,0.3,0.3,0.5821854342639061,0.6791614299921545,0.9920376702282916,1.2087966512751571,34.67140192318036,393163545.2408326,0.8328956964733117,True,True,True
21500.0,0.0,0.3,0.5,0.12575205380100374,0.6540667676516725,0.9145438907578087,1.0,31.808625617596658,70254435.00561854,0.7563583286306764,True,True,True
21500.0,0.1,0.3,0.5,0.12575205380100374,0.6540667676516725,0.9783208997317431,1.271431304860563,33.08097064230053,89323687.9714352,0.8091040441726801,True,True,True
21500.0,0.15,0.3,0.5,0.12575205380100374,0.6540667676516725,0.9665343472441825,1.6404509398191112,34.67140192318036,115248953.9314276,0.7993561717852521,True,True,True
21500.0,0.0,0.3,0.7,0.0458280079449722,0.6215949065808717,0.9067823029115004,1.0,31.808625617596658,25602928.20904465,0.7352167818894811,True,True,True
21500.0,0.1,0.3,0.7,0.0458280079449722,0.6215949065808717,0.9670731286449818,1.7228732275000502,33.08097064230053,44110599.55696884,0.7841004298509653,True,True,True
21500.0,0.15,0.3,0.7,0.0458280079449722,0.6215949065808717,0.9604570000353636,1.9298353494244838,34.67140192318036,49409435.906591654,0.7787360896236448,True,True,True
21500.0,0.0,0.6,0.3,0.29109271713195306,0.6697820806221825,0.8749793064132703,1.0,31.808625617596658,162626006.9574503,0.7305123833820523,True,True,True
21500.0,0.1,0.6,0.3,0.29109271713195306,0.6697820806221825,0.9338758824940476,1.2619278278328425,33.08097064230053,205222283.708944,0.7796846070568938,True,True,True
21500.0,0.15,0.6,0.3,0.29109271713195306,0.6697820806221825,0.9212089959548667,1.5680134842068083,34.67140192318036,254999771.7919923,0.7691091369766945,True,True,True
21500.0,0.0,0.6,0.5,0.06287602690050187,0.6335575322469832,0.8663661861832036,1.0,31.808625617596658,35127217.50280927,0.7076295045618322,True,True,True
21500.0,0.1,0.6,0.5,0.06287602690050187,0.6335575322469832,0.9473691289401064,1.6558798646036643,33.08097064230053,58166452.16245528,0.773790988199187,True,True,True
21500.0,0.15,0.6,0.5,0.06287602690050187,0.6335575322469832,0.9341897828377606,1.9679749474672363,34.67140192318036,69129484.01976126,0.7630263781513986,True,True,True
21500.0,0.0,0.6,0.7,0.0229140039724861,0.5841846836801068,0.8503713678896534,1.0,31.808625617596658,12801464.104522325,0.6735726482254452,True,True,True
21500.0,0.1,0.6,0.7,0.0229140039724861,0.5841846836801068,0.9115247731452154,1.8399087954738962,33.08097064230053,23553526.40085399,0.7220117922058171,True,True,True
21500.0,0.15,0.6,0.7,0.0229140039724861,0.5841846836801068,0.9282969436850292,2.019532593194741,34.67140192318036,25852973.999695368,0.735296900046439,True,True,True
21500.0,0.0,1.0,0.3,0.17465563027917186,0.6610977599956444,0.8342294815770418,1.0,31.808625617596658,97575604.17447019,0.6928683615849759,True,True,True
21500.0,0.1,1.0,0.3,0.17465563027917186,0.6610977599956444,0.9226604652350907,1.5489815943424299,33.08097064230053,151142814.9230967,0.7663146160192742,True,True,True
21500.0,0.15,1.0,0.3,0.17465563027917186,0.6610977599956444,0.9185936707662771,1.8632171509156128,34.67140192318036,181804539.20882592,0.7629369444280196,True,True,True
21500.0,0.0,1.0,0.5,0.037725616140301114,0.6130599427378616,0.8196538846444962,1.0,31.808625617596658,21076330.501685556,0.6610754241147584,True,True,True
21500.0,0.1,1.0,0.5,0.037725616140301114,0.6130599427378616,0.8868737717072662,1.8287360593203972,33.08097064230053,38543045.586586736,0.7152902777029171,True,True,True
21500.0,0.15,1.0,0.5,0.037725616140301114,0.6130599427378616,0.9108010384666032,2.1766801636873927,34.67140192318036,45876430.5263385,0.7345883354772619,True,True,True
21500.0,0.0,1.0,0.7,0.013748402383491658,0.5468596309215832,0.7924098380908393,1.0,31.808625617596658,7680878.462713393,0.6128733948439136,True,True,True
21500.0,0.1,1.0,0.7,0.013748402383491658,0.5468596309215832,0.8819784100765838,2.143542593196637,33.08097064230053,16464290.137992868,0.6821483989459346,True,True,True
21500.0,0.15,1.0,0.7,0.013748402383491658,0.5468596309215832,0.8699240997012201,2.080124547987701,34.67140192318036,15977183.840400165,0.6728252358968099,True,True,True
22000.0,0.0,0.3,0.3,0.5821854342639061,0.6797254885475692,0.9197106661229045,1.0,31.808625617596658,340082808.11676246,0.7724307239878531,True,True,True
22000.0,0.1,0.3,0.3,0.5821854342639061,0.6797254885475692,0.9717143552512466,1.151680648019845,33.08097064230053,391666788.8323216,0.8161066850515433,True,True,True
22000.0,0.15,0.3,0.3,0.5821854342639061,0.6797254885475692,0.9920376702282916,1.2087966512751571,34.67140192318036,411090959.6077943,0.8331754801409047,False,True,True
22000.0,0.0,0.3,0.5,0.12575205380100374,0.653906077258988,0.9145438907578087,1.0,31.808625617596658,73457886.55322069,0.75628484942221,True,True,True
22000.0,0.1,0.3,0.5,0.12575205380100374,0.653906077258988,0.9783208997317431,1.271431304860563,33.08097064230053,93396656.55266058,0.8090254407879054,True,True,True
22000.0,0.15,0.3,0.5,0.12575205380100374,0.653906077258988,0.9665343472441825,1.6404509398191112,34.67140192318036,120504059.03335653,0.7992785153933513,True,True,True
22000.0,0.0,0.3,0.7,0.0458280079449722,0.6222320696428786,0.9067823029115004,1.0,31.808625617596658,26770366.81968684,0.7355056659838294,True,True,True
22000.0,0.1,0.3,0.7,0.0458280079449722,0.6222320696428786,0.9670731286449818,1.7228732275000502,33.08097064230053,46121948.28399412,0.7844085214888813,True,True,True
22000.0,0.15,0.3,0.7,0.0458280079449722,0.6222320696428786,0.9604570000353636,1.9298353494244838,34.67140192318036,51662400.20569196,0.7790420734851791,True,True,True
22000.0,0.0,0.6,0.3,0.29109271713195306,0.6697498872469972,0.8749793064132703,1.0,31.808625617596658,170041404.05838123,0.7304982991135069,True,True,True
22000.0,0.1,0.6,0.3,0.29109271713195306,0.6697498872469972,0.9338758824940476,1.2619278278328425,33.08097064230053,214579979.66503972,0.779669574748563,True,True,True
22000.0,0.15,0.6,0.3,0.29109271713195306,0.6697498872469972,0.9212089959548667,1.5680134842068083,34.67140192318036,266627214.43700007,0.7690943085632791,True,True,True
22000.0,0.0,0.6,0.5,0.06287602690050187,0.6340385798670849,0.8663661861832036,1.0,31.808625617596658,36728943.276610345,0.7078378862578323,True,True,True
22000.0,0.1,0.6,0.5,0.06287602690050187,0.6340385798670849,0.9473691289401064,1.6558798646036643,33.08097064230053,60818717.619909205,0.7740188530316043,True,True,True
22000.0,0.15,0.6,0.5,0.06287602690050187,0.6340385798670849,0.9341897828377606,1.9679749474672363,34.67140192318036,72281640.21531434,0.7632510730372773,True,True,True
22000.0,0.0,0.6,0.7,0.0229140039724861,0.5847598078881857,0.8503713678896534,1.0,31.808625617596658,13385183.40984342,0.6738171828052104,True,True,True
22000.0,0.1,0.6,0.7,0.0229140039724861,0.5847598078881857,0.9115247731452154,1.8399087954738962,33.08097064230053,24627516.684802186,0.7222739121874668,True,True,True
22000.0,0.15,0.6,0.7,0.0229140039724861,0.5847598078881857,0.9282969436850292,2.019532593194741,34.67140192318036,27031814.16206831,0.7355638430687385,True,True,True
22000.0,0.0,1.0,0.3,0.17465563027917186,0.6608095185743144,0.8342294815770418,1.0,31.808625617596658,102024842.43502875,0.6927481318392333,True,True,True
22000.0,0.1,1.0,0.3,0.17465563027917186,0.6608095185743144,0.9226604652350907,1.5489815943424299,33.08097064230053,158034603.097546,0.7661816415373219,True,True,True
22000.0,0.15,1.0,0.3,0.17465563027917186,0.6608095185743144,0.9185936707662771,1.8632171509156128,34.67140192318036,190094436.24440858,0.7628045560553764,True,True,True
22000.0,0.0,1.0,0.5,0.037725616140301114,0.6137506720335053,0.8196538846444962,1.0,31.808625617596658,22037365.965966206,0.6613585035899645,True,True,True
22000.0,0.1,1.0,0.5,0.037725616140301114,0.6137506720335053,0.8868737717072662,1.8287360593203972,33.08097064230053,40300525.79440248,0.7155965725507453,True,True,True
22000.0,0.15,1.0,0.5,0.037725616140301114,0.6137506720335053,0.9108010384666032,2.1766801636873927,34.67140192318036,47968297.3580383,0.7349028939571477,True,True,True
22000.0,0.0,1.0,0.7,0.013748402383491658,0.547576478234951,0.7924098380908393,1.0,31.808625617596658,8031110.04590605,0.6131574132756744,True,True,True
22000.0,0.1,1.0,0.7,0.013748402383491658,0.547576478234951,0.8819784100765838,2.143542593196637,33.08097064230053,17215026.454049017,0.6824645208727905,True,True,True
22000.0,0.15,1.0,0.7,0.013748402383491658,0.547576478234951,0.8699240997012201,2.080124547987701,34.67140192318036,16705709.154079808,0.6731370372736623,True,True,True
22500.0,0.0,0.3,0.3,0.5821854342639061,0.679898224506526,0.9197106661229045,1.0,31.808625617596658,355505123.1346857,0.7725101575397908,True,True,True
22500.0,0.1,0.3,0.3,0.5821854342639061,0.679898224506526,0.9717143552512466,1.151680648019845,33.08097064230053,409428370.5861296,0.8161906100570364,False,True,True
22500.0,0.15,0.3,0.3,0.5821854342639061,0.679898224506526,0.9920376702282916,1.2087966512751571,34.67140192318036,429733402.35637045,0.8332611604300487,False,True,True
22500.0,0.0,0.3,0.5,0.12575205380100374,0.6533956839808668,0.9145438907578087,1.0,31.808625617596658,76789106.5970921,0.7560514608950152,True,True,True
22500.0,0.1,0.3,0.5,0.12575205380100374,0.6533956839808668,0.9783208997317431,1.271431304860563,33.08097064230053,97632073.99981768,0.8087757765823712,True,True,True
22500.0,0.15,0.3,0.5,0.12575205380100374,0.6533956839808668,0.9665343472441825,1.6404509398191112,34.67140192318036,125968762.08506966,0.7990318590763978,True,True,True
22500.0,0.0,0.3,0.7,0.0458280079449722,0.6226890834784574,0.9067823029115004,1.0,31.808625617596658,27984368.293400913,0.7357128720129738,True,True,True
22500.0,0.1,0.3,0.7,0.0458280079449722,0.6226890834784574,0.9670731286449818,1.7228732275000502,33.08097064230053,48213518.921201706,0.7846295043887849,True,True,True
22500.0,0.15,0.3,0.7,0.0458280079449722,0.6226890834784574,0.9604570000353636,1.9298353494244838,34.67140192318036,54005223.16391879,0.7792615445539264,True,True,True
22500.0,0.0,0.6,0.3,0.29109271713195306,0.6693575398545893,0.8749793064132703,1.0,31.808625617596658,177752561.56734285,0.7303266511888659,True,True,True
22500.0,0.1,0.6,0.3,0.29109271713195306,0.6693575398545893,0.9338758824940476,1.2619278278328425,33.08097064230053,224310903.91040057,0.7794863728648984,True,True,True
22500.0,0.15,0.6,0.3,0.29109271713195306,0.6693575398545893,0.9212089959548667,1.5680134842068083,34.67140192318036,278718413.3898945,0.7689135915895663,True,True,True
22500.0,0.0,0.6,0.5,0.06287602690050187,0.634282530047881,0.8663661861832036,1.0,31.808625617596658,38394553.29854605,0.7079435613517098,True,True,True
22500.0,0.1,0.6,0.5,0.06287602690050187,0.634282530047881,0.9473691289401064,1.6558798646036643,33.08097064230053,63576767.71751461,0.7741344084667471,True,True,True
22500.0,0.15,0.6,0.5,0.06287602690050187,0.634282530047881,0.9341897828377606,1.9679749474672363,34.67140192318036,75559519.01073417,0.7633650209204879,True,True,True
22500.0,0.0,0.6,0.7,0.0229140039724861,0.586199009145241,0.8503713678896534,1.0,31.808625617596658,13992184.146700457,0.6744291105760257,True,True,True
22500.0,0.1,0.6,0.7,0.0229140039724861,0.586199009145241,0.9115247731452154,1.8399087954738962,33.08097064230053,25744342.679404583,0.7229298459871407,True,True,True
22500.0,0.15,0.6,0.7,0.0229140039724861,0.586199009145241,0.9282969436850292,2.019532593194741,34.67140192318036,28257671.93424432,0.7362318461328745,True,True,True
22500.0,0.0,1.0,0.3,0.17465563027917186,0.6601483794233202,0.8342294815770418,1.0,31.808625617596658,106651536.94040571,0.6924723609536413,True,True,True
22500.0,0.1,1.0,0.3,0.17465563027917186,0.6601483794233202,0.9226604652350907,1.5489815943424299,33.08097064230053,165201267.7290202,0.7658766380590013,True,True,True
22500.0,0.15,1.0,0.3,0.17465563027917186,0.6601483794233202,0.9185936707662771,1.8632171509156128,34.67140192318036,198714972.79887396,0.762500896935577,True,True,True
22500.0,0.0,1.0,0.5,0.037725616140301114,0.6143928912847645,0.8196538846444962,1.0,31.808625617596658,23036731.97912763,0.6616217023420085,True,True,True
22500.0,0.1,1.0,0.5,0.037725616140301114,0.6143928912847645,0.8868737717072662,1.8287360593203972,33.08097064230053,42128102.459130034,0.7158813562555588,True,True,True
22500.0,0.15,1.0,0.5,0.037725616140301114,0.6143928912847645,0.9108010384666032,2.1766801636873927,34.67140192318036,50143597.535150126,0.7351953609376328,True,True,True
22500.0,0.0,1.0,0.7,0.013748402383491658,0.548765986836876,0.7924098380908393,1.0,31.808625617596658,8395310.488020271,0.613628702435004,True,True,True
22500.0,0.1,1.0,0.7,0.013748402383491658,0.548765986836876,0.8819784100765838,2.143542593196637,33.08097064230053,17995705.6141819,0.6829890813255397,True,True,True
22500.0,0.15,1.0,0.7,0.013748402383491658,0.548765986836876,0.8699240997012201,2.080124547987701,34.67140192318036,17463291.434109572,0.6736544283734706,True,True,True
23000.0,0.0,0.3,0.3,0.5821854342639061,0.6797546793750976,0.9197106661229045,1.0,31.808625617596658,371011958.69301677,0.7724441475455684,True,True,True
23000.0,0.1,0.3,0.3,0.5821854342639061,0.6797546793750976,0.9717143552512466,1.151680648019845,33.08097064230053,427287293.0106855,0.8161208676246187,False,True,True
23000.0,0.15,0.3,0.3,0.5821854342639061,0.6797546793750976,0.9920376702282916,1.2087966512751571,34.67140192318036,448478013.2511556,0.8331899593411713,False,True,True
23000.0,0.0,0.3,0.5,0.12575205380100374,0.6527739763630676,0.9145438907578087,1.0,31.808625617596658,80138583.07769163,0.7557671714431672,True,True,True
23000.0,0.1,0.3,0.5,0.12575205380100374,0.6527739763630676,0.9783208997317431,1.271431304860563,33.08097064230053,101890703.2521461,0.8084716618043635,True,True,True
23000.0,0.15,0.3,0.5,0.12575205380100374,0.6527739763630676,0.9665343472441825,1.6404509398191112,34.67140192318036,131463413.92557116,0.7987314081931247,True,True,True
23000.0,0.0,0.3,0.7,0.0458280079449722,0.6228369761225476,0.9067823029115004,1.0,31.808625617596658,29205022.987496946,0.7357799252291697,True,True,True
23000.0,0.1,0.3,0.7,0.0458280079449722,0.6228369761225476,0.9670731286449818,1.7228732275000502,33.08097064230053,50316552.213682026,0.7847010158897969,True,True,True
23000.0,0.15,0.3,0.7,0.0458280079449722,0.6228369761225476,0.9604570000353636,1.9298353494244838,34.67140192318036,56360885.74202625,0.7793325668165616,True,True,True
23000.0,0.0,0.6,0.3,0.29109271713195306,0.6689652529375983,0.8749793064132703,1.0,31.808625617596658,185505979.34650838,0.7301550297215941,True,True,True
23000.0,0.1,0.6,0.3,0.29109271713195306,0.6689652529375983,0.9338758824940476,1.2619278278328425,33.08097064230053,234095157.56674346,0.7793031992195005,True,True,True
23000.0,0.15,0.6,0.3,0.29109271713195306,0.6689652529375983,0.9212089959548667,1.5680134842068083,34.67140192318036,290875877.0163148,0.7687329024711026,True,True,True
23000.0,0.0,0.6,0.5,0.06287602690050187,0.6340956961499312,0.8663661861832036,1.0,31.808625617596658,40069291.538845815,0.7078626280659015,True,True,True
23000.0,0.1,0.6,0.5,0.06287602690050187,0.6340956961499312,0.9473691289401064,1.6558798646036643,33.08097064230053,66349933.04810876,0.7740459081331686,True,True,True
23000.0,0.15,0.6,0.5,0.06287602690050187,0.6340956961499312,0.9341897828377606,1.9679749474672363,34.67140192318036,78855361.91120946,0.7632777517612117,True,True,True
23000.0,0.0,0.6,0.7,0.0229140039724861,0.5874830478729256,0.8503713678896534,1.0,31.808625617596658,14602511.493748473,0.674975065460668,True,True,True
23000.0,0.1,0.6,0.7,0.0229140039724861,0.5874830478729256,0.9115247731452154,1.8399087954738962,33.08097064230053,26867289.333356477,0.7235150625421218,True,True,True
23000.0,0.15,0.6,0.7,0.0229140039724861,0.5874830478729256,0.9282969436850292,2.019532593194741,34.67140192318036,29490247.90412587,0.7368278307461159,True,True,True
23000.0,0.0,1.0,0.3,0.17465563027917186,0.659525278417734,0.8342294815770418,1.0,31.808625617596658,111303587.60790505,0.6922124563392111,True,True,True
23000.0,0.1,1.0,0.3,0.17465563027917186,0.659525278417734,0.9226604652350907,1.5489815943424299,33.08097064230053,172407208.58892506,0.76558918272715,True,True,True
23000.0,0.15,1.0,0.3,0.17465563027917186,0.659525278417734,0.9185936707662771,1.8632171509156128,34.67140192318036,207382753.38948715,0.7622147086155872,True,True,True
23000.0,0.0,1.0,0.5,0.037725616140301114,0.6147889914211361,0.8196538846444962,1.0,31.808625617596658,24041574.92330749,0.6617840348497511,True,True,True
23000.0,0.1,1.0,0.5,0.037725616140301114,0.6147889914211361,0.8868737717072662,1.8287360593203972,33.08097064230053,43965694.98510542,0.7160570016665178,True,True,True
23000.0,0.15,1.0,0.5,0.037725616140301114,0.6147889914211361,0.9108010384666032,2.1766801636873927,34.67140192318036,52330819.239367664,0.7353757451454048,True,True,True
23000.0,0.0,1.0,0.7,0.013748402383491658,0.5497935345705508,0.7924098380908393,1.0,31.808625617596658,8761506.896249082,0.6140358219016399,True,True,True
23000.0,0.1,1.0,0.7,0.013748402383491658,0.5497935345705508,0.8819784100765838,2.143542593196637,33.08097064230053,18780663.21269598,0.6834422187837518,True,True,True
23000.0,0.15,1.0,0.7,0.013748402383491658,0.5497935345705508,0.8699240997012201,2.080124547987701,34.67140192318036,18225025.57225125,0.674101372642029,True,True,True
23500.0,0.0,0.3,0.3,0.5821854342639061,0.6796741236642009,0.9197106661229045,1.0,31.808625617596658,386802894.32085985,0.7724071035723041,True,True,True
23500.0,0.1,0.3,0.3,0.5821854342639061,0.6796741236642009,0.9717143552512466,1.151680648019845,33.08097064230053,445473407.98739946,0.8160817290542809,False,True,True
23500.0,0.15,0.3,0.3,0.5821854342639061,0.6796741236642009,0.9920376702282916,1.2087966512751571,34.67140192318036,467566043.3585939,0.8331500021912907,False,True,True
23500.0,0.0,0.3,0.5,0.12575205380100374,0.6519906519523725,0.9145438907578087,1.0,31.808625617596658,83549425.17330573,0.7554089791660259,True,True,True
23500.0,0.1,0.3,0.5,0.12575205380100374,0.6519906519523725,0.9783208997317431,1.271431304860563,33.08097064230053,106227354.66844608,0.8080884904832369,True,True,True
23500.0,0.15,0.3,0.5,0.12575205380100374,0.6519906519523725,0.9665343472441825,1.6404509398191112,34.67140192318036,137058733.0468959,0.798352853219139,True,True,True
23500.0,0.0,0.3,0.7,0.0458280079449722,0.6227648741964638,0.9067823029115004,1.0,31.808625617596658,30448041.243916083,0.7357472348538804,True,True,True
23500.0,0.1,0.3,0.7,0.0458280079449722,0.6227648741964638,0.9670731286449818,1.7228732275000502,33.08097064230053,52458115.08896035,0.7846661519721773,True,True,True
23500.0,0.15,0.3,0.7,0.0458280079449722,0.6227648741964638,0.9604570000353636,1.9298353494244838,34.67140192318036,58759706.31324389,0.7792979414167499,True,True,True
23500.0,0.0,0.6,0.3,0.29109271713195306,0.6685530023692128,0.8749793064132703,1.0,31.808625617596658,193401447.16042992,0.7299746743633967,True,True,True
23500.0,0.1,0.6,0.3,0.29109271713195306,0.6685530023692128,0.9338758824940476,1.2619278278328425,33.08097064230053,244058668.1148896,0.7791107037878207,True,True,True
23500.0,0.15,0.6,0.3,0.29109271713195306,0.6685530023692128,0.9212089959548667,1.5680134842068083,34.67140192318036,303256077.0126647,0.7685430180050105,True,True,True
23500.0,0.0,0.6,0.5,0.06287602690050187,0.6334888645245544,0.8663661861832036,1.0,31.808625617596658,41774712.58665287,0.707599758865435,True,True,True
23500.0,0.1,0.6,0.5,0.06287602690050187,0.6334888645245544,0.9473691289401064,1.6558798646036643,33.08097064230053,69173905.42184374,0.7737584613589953,True,True,True
23500.0,0.15,0.6,0.5,0.06287602690050187,0.6334888645245544,0.9341897828377606,1.9679749474672363,34.67140192318036,82211587.80817707,0.7629943038090468,True,True,True
23500.0,0.0,0.6,0.7,0.0229140039724861,0.5881437854962603,0.8503713678896534,1.0,31.808625617596658,15224020.621958042,0.6752560016389536,True,True,True
23500.0,0.1,0.6,0.7,0.0229140039724861,0.5881437854962603,0.9115247731452154,1.8399087954738962,33.08097064230053,28010809.444816574,0.7238162018982311,True,True,True
23500.0,0.15,0.6,0.7,0.0229140039724861,0.5881437854962603,0.9282969436850292,2.019532593194741,34.67140192318036,30745405.84551314,0.7371345111042755,True,True,True
23500.0,0.0,1.0,0.3,0.17465563027917186,0.658896434272161,0.8342294815770418,1.0,31.808625617596658,116040868.29625796,0.6919501561764341,True,True,True
23500.0,0.1,1.0,0.3,0.17465563027917186,0.658896434272161,0.9226604652350907,1.5489815943424299,33.08097064230053,179745169.18241757,0.7652990779111926,True,True,True
23500.0,0.15,1.0,0.3,0.17465563027917186,0.658896434272161,0.9185936707662771,1.8632171509156128,34.67140192318036,216209336.01672763,0.7619258824895763,True,True,True
23500.0,0.0,1.0,0.5,0.037725616140301114,0.6149996960719691,0.8196538846444962,1.0,31.808625617596658,25064827.551991712,0.661870387292535,True,True,True
23500.0,0.1,1.0,0.5,0.037725616140301114,0.6149996960719691,0.8868737717072662,1.8287360593203972,33.08097064230053,45836953.96497464,0.7161504358807179,True,True,True
23500.0,0.15,1.0,0.5,0.037725616140301114,0.6149996960719691,0.9108010384666032,2.1766801636873927,34.67140192318036,54558112.93866559,0.735471700152799,True,True,True
23500.0,0.0,1.0,0.7,0.013748402383491658,0.5504592431867095,0.7924098380908393,1.0,31.808625617596658,9134412.373174822,0.6142995789300129,True,True,True
23500.0,0.1,1.0,0.7,0.013748402383491658,0.5504592431867095,0.8819784100765838,2.143542593196637,33.08097064230053,19580001.985722605,0.6837357890971787,True,True,True
23500.0,0.15,1.0,0.7,0.013748402383491658,0.5504592431867095,0.8699240997012201,2.080124547987701,34.67140192318036,19000715.40888354,0.6743909306263166,True,True,True
24000.0,0.0,0.3,0.3,0.5821854342639061,0.679376763245127,0.9197106661229045,1.0,31.808625617596658,402802062.21783435,0.7722703607977516,False,True,True
24000.0,0.1,0.3,0.3,0.5821854342639061,0.679376763245127,0.9717143552512466,1.151680648019845,33.08097064230053,463899340.0387654,0.815937254360332,False,True,True
24000.0,0.15,0.3,0.3,0.5821854342639061,0.679376763245127,0.9920376702282916,1.2087966512751571,34.67140192318036,486905783.93564564,0.8330025058226126,False,True,True
24000.0,0.0,0.3,0.5,0.12575205380100374,0.6510127438653539,0.9145438907578087,1.0,31.808625617596658,87005245.43905222,0.7549618092326731,True,True,True
24000.0,0.1,0.3,0.5,0.12575205380100374,0.6510127438653539,0.9783208997317431,1.271431304860563,33.08097064230053,110621192.73828772,0.8076101365234635,True,True,True
24000.0,0.15,0.3,0.5,0.12575205380100374,0.6510127438653539,0.9665343472441825,1.6404509398191112,34.67140192318036,142727836.64968565,0.7978802623418633,True,True,True
24000.0,0.0,0.3,0.7,0.0458280079449722,0.6224793441951876,0.9067823029115004,1.0,31.808625617596658,31707450.961753726,0.7356177780778266,True,True,True
24000.0,0.1,0.3,0.7,0.0458280079449722,0.6224793441951876,0.9670731286449818,1.7228732275000502,33.08097064230053,54627918.37427621,0.7845280877763493,True,True,True
24000.0,0.15,0.3,0.7,0.0458280079449722,0.6224793441951876,0.9604570000353636,1.9298353494244838,34.67140192318036,61190159.70613568,0.7791608217725271,True,True,True
24000.0,0.0,0.6,0.3,0.29109271713195306,0.6678273588751313,0.8749793064132703,1.0,31.808625617596658,201401031.10891718,0.7296572128428194,True,True,True
24000.0,0.1,0.6,0.3,0.29109271713195306,0.6678273588751313,0.9338758824940476,1.2619278278328425,33.08097064230053,254153565.7105706,0.778771873308615,True,True,True
24000.0,0.15,0.6,0.3,0.29109271713195306,0.6678273588751313,0.9212089959548667,1.5680134842068083,34.67140192318036,315799532.511937,0.7682087833477085,True,True,True
24000.0,0.0,0.6,0.5,0.06287602690050187,0.6327948995037502,0.8663661861832036,1.0,31.808625617596658,43502622.71952611,0.7072991449512256,True,True,True
24000.0,0.1,0.6,0.5,0.06287602690050187,0.6327948995037502,0.9473691289401064,1.6558798646036643,33.08097064230053,72035117.01871319,0.7734297408403582,True,True,True
24000.0,0.15,0.6,0.5,0.06287602690050187,0.6327948995037502,0.9341897828377606,1.9679749474672363,34.67140192318036,85612071.6611464,0.7626701562930057,True,True,True
24000.0,0.0,0.6,0.7,0.0229140039724861,0.5883746135269384,0.8503713678896534,1.0,31.808625617596658,15853725.480876863,0.6753541464130511,True,True,True
24000.0,0.1,0.6,0.7,0.0229140039724861,0.5883746135269384,0.9115247731452154,1.8399087954738962,33.08097064230053,29169408.953293964,0.723921404632381,True,True,True
24000.0,0.15,0.6,0.7,0.0229140039724861,0.5883746135269384,0.9282969436850292,2.019532593194741,34.67140192318036,32017115.332192797,0.7372416495819732,True,True,True
24000.0,0.0,1.0,0.3,0.17465563027917186,0.6579845715521273,0.8342294815770418,1.0,31.808625617596658,120840618.66535032,0.6915698047943325,True,True,True
24000.0,0.1,1.0,0.3,0.17465563027917186,0.6579845715521273,0.9226604652350907,1.5489815943424299,33.08097064230053,187179894.16157994,0.7648784080704442,True,True,True
24000.0,0.15,1.0,0.3,0.17465563027917186,0.6579845715521273,0.9185936707662771,1.8632171509156128,34.67140192318036,225152313.22453403,0.7615070668279609,True,True,True
24000.0,0.0,1.0,0.5,0.037725616140301114,0.6149256183710825,0.8196538846444962,1.0,31.808625617596658,26101573.631715663,0.6618400282548864,True,True,True
24000.0,0.1,1.0,0.5,0.037725616140301114,0.6149256183710825,0.8868737717072662,1.8287360593203972,33.08097064230053,47732888.90532489,0.7161175870957256,True,True,True
24000.0,0.15,1.0,0.5,0.037725616140301114,0.6149256183710825,0.9108010384666032,2.1766801636873927,34.67140192318036,56814777.56518138,0.7354379651293517,True,True,True
24000.0,0.0,1.0,0.7,0.013748402383491658,0.5507617262302511,0.7924098380908393,1.0,31.808625617596658,9512235.288526114,0.6144194241997919,True,True,True
24000.0,0.1,1.0,0.7,0.013748402383491658,0.5507617262302511,0.8819784100765838,2.143542593196637,33.08097064230053,20389881.49746383,0.6838691808540878,True,True,True
24000.0,0.15,1.0,0.7,0.013748402383491658,0.5507617262302511,0.8699240997012201,2.080124547987701,34.67140192318036,19786634.12989804,0.6745224992709805,True,True,True
24500.0,0.0,0.3,0.3,0.5821854342639061,0.6790009985905908,0.9197106661229045,1.0,31.808625617596658,419293045.61216927,0.7720975634173871,False,True,True
24500.0,0.1,0.3,0.3,0.5821854342639061,0.6790009985905908,0.9717143552512466,1.151680648019845,33.08097064230053,482891686.4808375,0.8157546864058276,False,True,True
24500.0,0.15,0.3,0.3,0.5821854342639061,0.6790009985905908,0.9920376702282916,1.2087966512751571,34.67140192318036,506840029.4389519,0.8328161194763924,False,True,True
24500.0,0.0,0.3,0.5,0.12575205380100374,0.6503285109534286,0.9145438907578087,1.0,31.808625617596658,90567297.85222857,0.7546489287179448,True,True,True
24500.0,0.1,0.3,0.5,0.12575205380100374,0.6503285109534286,0.9783208997317431,1.271431304860563,33.08097064230053,115150097.68595423,0.807275436844453,True,True,True
24500.0,0.15,0.3,0.5,0.12575205380100374,0.6503285109534286,0.9665343472441825,1.6404509398191112,34.67140192318036,148571208.87856573,0.7975495950364179,True,True,True
24500.0,0.0,0.3,0.7,0.0458280079449722,0.6221054373492783,0.9067823029115004,1.0,31.808625617596658,33005575.019033734,0.7354482520224226,True,True,True
24500.0,0.1,0.3,0.7,0.0458280079449722,0.6221054373492783,0.9670731286449818,1.7228732275000502,33.08097064230053,56864421.558537684,0.7843472901447015,True,True,True
24500.0,0.15,0.3,0.7,0.0458280079449722,0.6221054373492783,0.9604570000353636,1.9298353494244838,34.67140192318036,63695325.39981298,0.7789812610487696,True,True,True
24500.0,0.0,0.6,0.3,0.29109271713195306,0.6673619349257662,0.8749793064132703,1.0,31.808625617596658,209646522.80608463,0.7294535946806177,True,True,True
24500.0,0.1,0.6,0.3,0.29109271713195306,0.6673619349257662,0.9338758824940476,1.2619278278328425,33.08097064230053,264558781.13739085,0.7785545492078914,True,True,True
24500.0,0.15,0.6,0.3,0.29109271713195306,0.6673619349257662,0.9212089959548667,1.5680134842068083,34.67140192318036,328728574.67701083,0.7679944069831645,True,True,True
24500.0,0.0,0.6,0.5,0.06287602690050187,0.6321867893418502,0.8663661861832036,1.0,31.808625617596658,45283648.92611428,0.7070357219103534,True,True,True
24500.0,0.1,0.6,0.5,0.06287602690050187,0.6321867893418502,0.9473691289401064,1.6558798646036643,33.08097064230053,74984282.45253399,0.7731416884431688,True,True,True
24500.0,0.15,0.6,0.5,0.06287602690050187,0.6321867893418502,0.9341897828377606,1.9679749474672363,34.67140192318036,89117086.61649454,0.7623861111429624,True,True,True
24500.0,0.0,0.6,0.7,0.0229140039724861,0.5884609528335671,0.8503713678896534,1.0,31.808625617596658,16502787.509516867,0.6753908566501914,True,True,True
24500.0,0.1,0.6,0.7,0.0229140039724861,0.5884609528335671,0.9115247731452154,1.8399087954738962,33.08097064230053,30363623.888596836,0.723960754840825,True,True,True
24500.0,0.15,0.6,0.7,0.0229140039724861,0.5884609528335671,0.9282969436850292,2.019532593194741,34.67140192318036,33327917.25403638,0.7372817238392049,True,True,True
24500.0,0.0,1.0,0.3,0.17465563027917186,0.6573812715777858,0.8342294815770418,1.0,31.808625617596658,125787913.68365079,0.6913181594819173,True,True,True
24500.0,0.1,1.0,0.3,0.17465563027917186,0.6573812715777858,0.9226604652350907,1.5489815943424299,33.08097064230053,194843163.08670935,0.7646000875529431,True,True,True
24500.0,0.15,1.0,0.3,0.17465563027917186,0.6573812715777858,0.9185936707662771,1.8632171509156128,34.67140192318036,234370198.15327084,0.7612299730589591,True,True,True
24500.0,0.0,1.0,0.5,0.037725616140301114,0.6146902105032007,0.8196538846444962,1.0,31.808625617596658,27170189.355668563,0.6617435517681938,True,True,True
24500.0,0.1,1.0,0.5,0.037725616140301114,0.6146902105032007,0.8868737717072662,1.8287360593203972,33.08097064230053,49687105.01327433,0.7160131985638866,True,True,True
24500.0,0.15,1.0,0.5,0.037725616140301114,0.6146902105032007,0.9108010384666032,2.1766801636873927,34.67140192318036,59140812.2141141,0.7353307602640866,True,True,True
24500.0,0.0,1.0,0.7,0.013748402383491658,0.5510744136770822,0.7924098380908393,1.0,31.808625617596658,9901672.505710118,0.6145433125043501,True,True,True
24500.0,0.1,1.0,0.7,0.013748402383491658,0.5510744136770822,0.8819784100765838,2.143542593196637,33.08097064230053,21224656.75987371,0.6840070726426912,True,True,True
24500.0,0.15,1.0,0.7,0.013748402383491658,0.5510744136770822,0.8699240997012201,2.080124547987701,34.67140192318036,20596712.045262504,0.6746585064438168,True,True,True
25000.0,0.0,0.3,0.3,0.5821854342639061,0.678642623838546,0.9197106661229045,1.0,31.808625617596658,436235605.6149094,0.7719327628764248,False,True,True
25000.0,0.1,0.3,0.3,0.5821854342639061,0.678642623838546,0.9717143552512466,1.151680648019845,33.08097064230053,502404104.9639084,0.8155805674602669,False,True,True
25000.0,0.15,0.3,0.3,0.5821854342639061,0.678642623838546,0.9920376702282916,1.2087966512751571,34.67140192318036,527320139.2342926,0.8326383588493489,False,True,True
25000.0,0.0,0.3,0.5,0.12575205380100374,0.6495531413559452,0.9145438907578087,1.0,31.808625617596658,94226890.81282043,0.7542943739537159,True,True,True
25000.0,0.1,0.3,0.5,0.12575205380100374,0.6495531413559452,0.9783208997317431,1.271431304860563,33.08097064230053,119803018.73909809,0.8068961567033357,True,True,True
25000.0,0.15,0.3,0.5,0.12575205380100374,0.6495531413559452,0.9665343472441825,1.6404509398191112,34.67140192318036,154574591.59012404,0.7971748843625296,True,True,True
25000.0,0.0,0.3,0.7,0.0458280079449722,0.6215936864758964,0.9067823029115004,1.0,31.808625617596658,34339245.92303951,0.7352162287046815,True,True,True
25000.0,0.1,0.3,0.7,0.0458280079449722,0.6215936864758964,0.9670731286449818,1.7228732275000502,33.08097064230053,59162167.45334502,0.7840998398855975,True,True,True
25000.0,0.15,0.3,0.7,0.0458280079449722,0.6215936864758964,0.9604570000353636,1.9298353494244838,34.67140192318036,66269090.65486223,0.7787355036944628,True,True,True
25000.0,0.0,0.6,0.3,0.29109271713195306,0.6668220476119,0.8749793064132703,1.0,31.808625617596658,218117802.8074547,0.7292173995669036,True,True,True
25000.0,0.1,0.6,0.3,0.29109271713195306,0.6668220476119,0.9338758824940476,1.2619278278328425,33.08097064230053,275248925.1084836,0.7783024553370493,True,True,True
25000.0,0.15,0.6,0.3,0.29109271713195306,0.6668220476119,0.9212089959548667,1.5680134842068083,34.67140192318036,342011655.9476506,0.7677457324579967,True,True,True
25000.0,0.0,0.6,0.5,0.06287602690050187,0.6314157483351789,0.8663661861832036,1.0,31.808625617596658,47113445.40641022,0.706701719982183,True,True,True
25000.0,0.1,0.6,0.5,0.06287602690050187,0.6314157483351789,0.9473691289401064,1.6558798646036643,33.08097064230053,78014205.60057868,0.7727764582197351,True,True,True
25000.0,0.15,0.6,0.5,0.06287602690050187,0.6314157483351789,0.9341897828377606,1.9679749474672363,34.67140192318036,92718080.24868065,0.7620259618276717,True,True,True
25000.0,0.0,0.6,0.7,0.0229140039724861,0.5885679380210015,0.8503713678896534,1.0,31.808625617596658,17169622.961519755,0.6754363452202826,True,True,True
25000.0,0.1,0.6,0.7,0.0229140039724861,0.5885679380210015,0.9115247731452154,1.8399087954738962,33.08097064230053,31590540.301870763,0.724009514665178,True,True,True
25000.0,0.15,0.6,0.7,0.0229140039724861,0.5885679380210015,0.9282969436850292,2.019532593194741,34.67140192318036,34674613.183653966,0.7373313808504623,True,True,True
25000.0,0.0,1.0,0.3,0.17465563027917186,0.6567179651531219,0.8342294815770418,1.0,31.808625617596658,130870681.68447283,0.6910414845945302,True,True,True
25000.0,0.1,1.0,0.3,0.17465563027917186,0.6567179651531219,0.9226604652350907,1.5489815943424299,33.08097064230053,202716277.16829535,0.7642940842457561,True,True,True
25000.0,0.15,1.0,0.3,0.17465563027917186,0.6567179651531219,0.9185936707662771,1.8632171509156128,34.67140192318036,243840498.66652754,0.7609253185172217,True,True,True
25000.0,0.0,1.0,0.5,0.037725616140301114,0.6143432670952197,0.8196538846444962,1.0,31.808625617596658,28268067.243846126,0.6616013650121421,True,True,True
25000.0,0.1,1.0,0.5,0.037725616140301114,0.6143432670952197,0.8868737717072662,1.8287360593203972,33.08097064230053,51694833.89611517,0.7158593510594841,True,True,True
25000.0,0.15,1.0,0.5,0.037725616140301114,0.6143432670952197,0.9108010384666032,2.1766801636873927,34.67140192318036,61530541.23546121,0.7351727620559475,True,True,True
25000.0,0.0,1.0,0.7,0.013748402383491658,0.5515795839792665,0.7924098380908393,1.0,31.808625617596658,10301773.776911851,0.6147434634630312,True,True,True
25000.0,0.1,1.0,0.7,0.013748402383491658,0.5515795839792665,0.8819784100765838,2.143542593196637,33.08097064230053,22082290.876286745,0.6842298472926605,True,True,True
25000.0,0.15,1.0,0.7,0.013748402383491658,0.5515795839792665,0.8699240997012201,2.080124547987701,34.67140192318036,21428972.521170314,0.6748782363539785,True,True,True
25500.0,0.0,0.3,0.3,0.5821854342639061,0.6782478844372553,0.9197106661229045,1.0,31.808625617596658,453358779.5651667,0.7717512398575717,False,True,True
25500.0,0.1,0.3,0.3,0.5821854342639061,0.6782478844372553,0.9717143552512466,1.151680648019845,33.08097064230053,522124533.03509724,0.8153887804888581,False,True,True
25500.0,0.15,0.3,0.3,0.5821854342639061,0.6782478844372553,0.9920376702282916,1.2087966512751571,34.67140192318036,548018574.5645657,0.8324425606713469,False,True,True
25500.0,0.0,0.3,0.5,0.12575205380100374,0.6488347570493671,0.9145438907578087,1.0,31.808625617596658,97925496.38607603,0.7539658769643173,True,True,True
25500.0,0.1,0.3,0.5,0.12575205380100374,0.6488347570493671,0.9783208997317431,1.271431304860563,33.08097064230053,124505541.649267,0.8065447515127534,True,True,True
25500.0,0.15,0.3,0.5,0.12575205380100374,0.6488347570493671,0.9665343472441825,1.6404509398191112,34.67140192318036,160641972.5787914,0.7968277128091151,True,True,True
25500.0,0.0,0.3,0.7,0.0458280079449722,0.6210598358142554,0.9067823029115004,1.0,31.808625617596658,35687134.25148543,0.7349741855384946,True,True,True
25500.0,0.1,0.3,0.7,0.0458280079449722,0.6210598358142554,0.9670731286449818,1.7228732275000502,33.08097064230053,61484408.16808429,0.7838417035708063,True,True,True
25500.0,0.15,0.3,0.7,0.0458280079449722,0.6210598358142554,0.9604570000353636,1.9298353494244838,34.67140192318036,68870293.19817385,0.7784791333919894,True,True,True
25500.0,0.0,0.6,0.3,0.29109271713195306,0.6663239415714983,0.8749793064132703,1.0,31.808625617596658,226679389.78258336,0.7289994833280281,True,True,True
25500.0,0.1,0.6,0.3,0.29109271713195306,0.6663239415714983,0.9338758824940476,1.2619278278328425,33.08097064230053,286053029.9628096,0.7780698707280215,True,True,True
25500.0,0.15,0.6,0.3,0.29109271713195306,0.6663239415714983,0.9212089959548667,1.5680134842068083,34.67140192318036,355436339.7708617,0.767516302575318,True,True,True
25500.0,0.0,0.6,0.5,0.06287602690050187,0.6307370438701668,0.8663661861832036,1.0,31.808625617596658,48962748.19303802,0.706407716682734,True,True,True
25500.0,0.1,0.6,0.5,0.06287602690050187,0.6307370438701668,0.9473691289401064,1.6558798646036643,33.08097064230053,81076428.8485111,0.772454966390822,True,True,True
25500.0,0.15,0.6,0.5,0.06287602690050187,0.6307370438701668,0.9341897828377606,1.9679749474672363,34.67140192318036,96357461.80304551,0.7617089424392814,True,True,True
25500.0,0.0,0.6,0.7,0.0229140039724861,0.5885729676656648,0.8503713678896534,1.0,31.808625617596658,17843567.125742715,0.6754384837531887,True,True,True
25500.0,0.1,0.6,0.7,0.0229140039724861,0.5885729676656648,0.9115247731452154,1.8399087954738962,33.08097064230053,32830536.09728289,0.7240118069880334,True,True,True
25500.0,0.15,0.6,0.7,0.0229140039724861,0.5885729676656648,0.9282969436850292,2.019532593194741,34.67140192318036,36035665.38929562,0.7373337153523467,True,True,True
25500.0,0.0,1.0,0.3,0.17465563027917186,0.6560713585278192,0.8342294815770418,1.0,31.808625617596658,136007633.86955005,0.690771775439625,True,True,True
25500.0,0.1,1.0,0.3,0.17465563027917186,0.6560713585278192,0.9226604652350907,1.5489815943424299,33.08097064230053,210673321.5539971,0.7639957850608933,True,True,True
25500.0,0.15,1.0,0.3,0.17465563027917186,0.6560713585278192,0.9185936707662771,1.8632171509156128,34.67140192318036,253411756.08119684,0.7606283341404824,True,True,True
25500.0,0.0,1.0,0.5,0.037725616140301114,0.6139217894469498,0.8196538846444962,1.0,31.808625617596658,29377648.915822804,0.6614286321162945,True,True,True
25500.0,0.1,1.0,0.5,0.037725616140301114,0.6139217894469498,0.8868737717072662,1.8287360593203972,33.08097064230053,53723965.91041993,0.7156724523236784,True,True,True
25500.0,0.15,1.0,0.5,0.037725616140301114,0.6139217894469498,0.9108010384666032,2.1766801636873927,34.67140192318036,63945745.65084393,0.7349808209160802,True,True,True
25500.0,0.0,1.0,0.7,0.013748402383491658,0.55202873605421,0.7924098380908393,1.0,31.808625617596658,10706140.275445627,0.6149214197245233,True,True,True
25500.0,0.1,1.0,0.7,0.013748402383491658,0.55202873605421,0.8819784100765838,2.143542593196637,33.08097064230053,22949067.68915568,0.6844279185091311,True,True,True
25500.0,0.15,1.0,0.7,0.013748402383491658,0.55202873605421,0.8699240997012201,2.080124547987701,34.67140192318036,22270105.201154258,0.6750736004611906,True,True,True
26000.0,0.0,0.3,0.3,0.5821854342639061,0.6779114761073771,0.9197106661229045,1.0,31.808625617596658,470679496.61946094,0.7715965406929909,False,True,True
26000.0,0.1,0.3,0.3,0.5821854342639061,0.6779114761073771,0.9717143552512466,1.151680648019845,33.08097064230053,542072467.6763552,0.8152253340871737,False,True,True
26000.0,0.15,0.3,0.3,0.5821854342639061,0.6779114761073771,0.9920376702282916,1.2087966512751571,34.67140192318036,568955799.337481,0.832275695803438,False,True,True
26000.0,0.0,0.3,0.5,0.12575205380100374,0.6482621007799725,0.9145438907578087,1.0,31.808625617596658,101666771.26980357,0.7537040173179778,True,True,True
26000.0,0.1,0.3,0.5,0.12575205380100374,0.6482621007799725,0.9783208997317431,1.271431304860563,33.08097064230053,129262315.65652674,0.8062646307143978,True,True,True
26000.0,0.15,0.3,0.5,0.12575205380100374,0.6482621007799725,0.9665343472441825,1.6404509398191112,34.67140192318036,166779350.47792387,0.7965509668323478,True,True,True
26000.0,0.0,0.3,0.7,0.0458280079449722,0.6205391000605406,0.9067823029115004,1.0,31.808625617596658,37050572.62019079,0.7347380885555137,True,True,True
26000.0,0.1,0.3,0.7,0.0458280079449722,0.6205391000605406,0.9670731286449818,1.7228732275000502,33.08097064230053,63833439.6308731,0.7835899087935352,True,True,True
26000.0,0.15,0.3,0.7,0.0458280079449722,0.6205391000605406,0.9604570000353636,1.9298353494244838,34.67140192318036,71501504.7588631,0.7782290612420775,True,True,True
26000.0,0.0,0.6,0.3,0.29109271713195306,0.6658310654324299,0.8749793064132703,1.0,31.808625617596658,235339748.30973047,0.7287838551168733,True,True,True
26000.0,0.1,0.6,0.3,0.29109271713195306,0.6658310654324299,0.9338758824940476,1.2619278278328425,33.08097064230053,296981777.38722605,0.7778397281583551,True,True,True
26000.0,0.15,0.6,0.3,0.29109271713195306,0.6658310654324299,0.9212089959548667,1.5680134842068083,34.67140192318036,369015898.7194938,0.7672892816087173,True,True,True
26000.0,0.0,0.6,0.5,0.06287602690050187,0.6301472196103497,0.8663661861832036,1.0,31.808625617596658,50833385.634901784,0.706152214785486,True,True,True
26000.0,0.1,0.6,0.5,0.06287602690050187,0.6301472196103497,0.9473691289401064,1.6558798646036643,33.08097064230053,84173979.72246702,0.7721755757431966,True,True,True
26000.0,0.15,0.6,0.5,0.06287602690050187,0.6301472196103497,0.9341897828377606,1.9679749474672363,34.67140192318036,100038829.4244276,0.7614334385406859,True,True,True
26000.0,0.0,0.6,0.7,0.0229140039724861,0.5884897634067902,0.8503713678896534,1.0,31.808625617596658,18525286.310095396,0.675403106493472,True,True,True
26000.0,0.1,0.6,0.7,0.0229140039724861,0.5884897634067902,0.9115247731452154,1.8399087954738962,33.08097064230053,34084837.220616676,0.7239738856164357,True,True,True
26000.0,0.15,0.6,0.7,0.0229140039724861,0.5884897634067902,0.9282969436850292,2.019532593194741,34.67140192318036,37412419.50150199,0.7372950962227393,True,True,True
26000.0,0.0,1.0,0.3,0.17465563027917186,0.6555379750287365,0.8342294815770418,1.0,31.808625617596658,141203848.98583826,0.6905492933196642,True,True,True
26000.0,0.1,1.0,0.3,0.17465563027917186,0.6555379750287365,0.9226604652350907,1.5489815943424299,33.08097064230053,218722163.12937146,0.763749719127187,True,True,True
26000.0,0.15,1.0,0.3,0.17465563027917186,0.6555379750287365,0.9185936707662771,1.8632171509156128,34.67140192318036,263093433.20571202,0.7603833527873081,True,True,True
26000.0,0.0,1.0,0.5,0.037725616140301114,0.6134736173989863,0.8196538846444962,1.0,31.808625617596658,30500031.380941063,0.6612449591362434,True,True,True
26000.0,0.1,1.0,0.5,0.037725616140301114,0.6134736173989863,0.8868737717072662,1.8287360593203972,33.08097064230053,55776507.19673061,0.7154737163064028,True,True,True
26000.0,0.15,1.0,0.5,0.037725616140301114,0.6134736173989863,0.9108010384666032,2.1766801636873927,34.67140192318036,66388813.29873741,0.7347767231327318,True,True,True
26000.0,0.0,1.0,0.7,0.013748402383491658,0.5522465274352664,0.7924098380908393,1.0,31.808625617596658,11115171.786057238,0.6150077097410235,True,True,True
26000.0,0.1,1.0,0.7,0.013748402383491658,0.5522465274352664,0.8819784100765838,2.143542593196637,33.08097064230053,23825844.15411123,0.6845239621571273,True,True,True
26000.0,0.15,1.0,0.7,0.013748402383491658,0.5522465274352664,0.8699240997012201,2.080124547987701,34.67140192318036,23120941.687277958,0.6751683314467347,True,True,True
26500.0,0.0,0.3,0.3,0.5821854342639061,0.677671246097055,0.9197106661229045,1.0,31.808625617596658,488777882.1596082,0.7714860696415828,False,True,True
26500.0,0.1,0.3,0.3,0.5821854342639061,0.677671246097055,0.9717143552512466,1.151680648019845,33.08097064230053,562916028.063345,0.8151086166123775,False,True,True
26500.0,0.15,0.3,0.3,0.5821854342639061,0.677671246097055,0.9920376702282916,1.2087966512751571,34.67140192318036,590833067.1718978,0.8321565371935585,False,True,True
26500.0,0.0,0.3,0.5,0.12575205380100374,0.6477171791519667,0.9145438907578087,1.0,31.808625617596658,105576022.54647538,0.7534548399450605,True,True,True
26500.0,0.1,0.3,0.5,0.12575205380100374,0.6477171791519667,0.9783208997317431,1.271431304860563,33.08097064230053,134232660.10825342,0.8059980766057009,True,True,True
26500.0,0.15,0.3,0.5,0.12575205380100374,0.6477171791519667,0.9665343472441825,1.6404509398191112,34.67140192318036,173192285.4087292,0.7962876240973359,True,True,True
26500.0,0.0,0.3,0.7,0.0458280079449722,0.6198203981128423,0.9067823029115004,1.0,31.808625617596658,38475226.87553766,0.7344122354518933,True,True,True
26500.0,0.1,0.3,0.7,0.0458280079449722,0.6198203981128423,0.9670731286449818,1.7228732275000502,33.08097064230053,66287938.305854246,0.7832423901229733,True,True,True
26500.0,0.15,0.3,0.7,0.0458280079449722,0.6198203981128423,0.9604570000353636,1.9298353494244838,34.67140192318036,74250852.90153952,0.7778839200837744,True,True,True
26500.0,0.0,0.6,0.3,0.29109271713195306,0.6654243671558223,0.8749793064132703,1.0,31.808625617596658,244388941.0798041,0.7286059288288805,True,True,True
26500.0,0.1,0.6,0.3,0.29109271713195306,0.6654243671558223,0.9338758824940476,1.2619278278328425,33.08097064230053,308401205.5632057,0.7776498253023673,True,True,True
26500.0,0.15,0.6,0.3,0.29109271713195306,0.6654243671558223,0.9212089959548667,1.5680134842068083,34.67140192318036,383205155.004156,0.7671019545531922,True,True,True
26500.0,0.0,0.6,0.5,0.06287602690050187,0.6293930333209101,0.8663661861832036,1.0,31.808625617596658,52788011.27323769,0.7058255140358592,True,True,True
26500.0,0.1,0.6,0.5,0.06287602690050187,0.6293930333209101,0.9473691289401064,1.6558798646036643,33.08097064230053,87410604.95982553,0.7718183293391542,True,True,True
26500.0,0.15,0.6,0.5,0.06287602690050187,0.6293930333209101,0.9341897828377606,1.9679749474672363,34.67140192318036,103885483.71234982,0.7610811619777105,True,True,True
26500.0,0.0,0.6,0.7,0.0229140039724861,0.5883202667574107,0.8503713678896534,1.0,31.808625617596658,19237613.43776883,0.6753310389446793,True,True,True
26500.0,0.1,0.6,0.7,0.0229140039724861,0.5883202667574107,0.9115247731452154,1.8399087954738962,33.08097064230053,35395454.16807769,0.7238966354189984,True,True,True
26500.0,0.15,0.6,0.7,0.0229140039724861,0.5883202667574107,0.9282969436850292,2.019532593194741,34.67140192318036,38850987.35285529,0.7372164246119474,True,True,True
26500.0,0.0,1.0,0.3,0.17465563027917186,0.655095753177541,0.8342294815770418,1.0,31.808625617596658,146633364.64788246,0.6903648360668317,True,True,True
26500.0,0.1,1.0,0.3,0.17465563027917186,0.655095753177541,0.9226604652350907,1.5489815943424299,33.08097064230053,227132382.95607188,0.7635457088177064,True,True,True
26500.0,0.15,1.0,0.3,0.17465563027917186,0.655095753177541,0.9185936707662771,1.8632171509156128,34.67140192318036,273209799.9083977,0.7601802416905167,True,True,True
26500.0,0.0,1.0,0.5,0.037725616140301114,0.612826279793182,0.8196538846444962,1.0,31.808625617596658,31672806.763942607,0.6609796627446064,True,True,True
26500.0,0.1,1.0,0.5,0.037725616140301114,0.612826279793182,0.8868737717072662,1.8287360593203972,33.08097064230053,57921203.82910883,0.715186662934389,True,True,True
26500.0,0.15,1.0,0.5,0.037725616140301114,0.612826279793182,0.9108010384666032,2.1766801636873927,34.67140192318036,68941570.21137775,0.7344819252509293,True,True,True
26500.0,0.0,1.0,0.7,0.013748402383491658,0.5523459987965088,0.7924098380908393,1.0,31.808625617596658,11542568.062661298,0.615047120783652,True,True,True
26500.0,0.1,1.0,0.7,0.013748402383491658,0.5523459987965088,0.8819784100765838,2.143542593196637,33.08097064230053,24741986.277185682,0.6845678279536457,True,True,True
26500.0,0.15,1.0,0.7,0.013748402383491658,0.5523459987965088,0.8699240997012201,2.080124547987701,34.67140192318036,24009979.173960607,0.6752115977139221,True,True,True
27000.0,0.0,0.3,0.3,0.5821854342639061,0.6773116667148184,0.9197106661229045,1.0,31.808625617596658,507514645.97672856,0.7713207151450024,False,True,True
27000.0,0.1,0.3,0.3,0.5821854342639061,0.6773116667148184,0.9717143552512466,1.151680648019845,33.08097064230053,584494796.3580409,0.8149339123885918,False,True,True
27000.0,0.15,0.3,0.3,0.5821854342639061,0.6773116667148184,0.9920376702282916,1.2087966512751571,34.67140192318036,613482004.5297663,0.8319781790472506,False,True,True
27000.0,0.0,0.3,0.5,0.12575205380100374,0.6472488748754042,0.9145438907578087,1.0,31.808625617596658,109623163.53097337,0.7532406975374875,True,True,True
27000.0,0.1,0.3,0.5,0.12575205380100374,0.6472488748754042,0.9783208997317431,1.271431304860563,33.08097064230053,139378321.85112837,0.8057690006751035,True,True,True
27000.0,0.15,0.3,0.5,0.12575205380100374,0.6472488748754042,0.9665343472441825,1.6404509398191112,34.67140192318036,179831421.6403294,0.7960613080132064,True,True,True
27000.0,0.0,0.3,0.7,0.0458280079449722,0.6192678223834188,0.9067823029115004,1.0,31.808625617596658,39950132.48213315,0.7341617025056635,True,True,True
27000.0,0.1,0.3,0.7,0.0458280079449722,0.6192678223834188,0.9670731286449818,1.7228732275000502,33.08097064230053,68829013.68854733,0.7829751995532399,True,True,True
27000.0,0.15,0.3,0.7,0.0458280079449722,0.6192678223834188,0.9604570000353636,1.9298353494244838,34.67140192318036,77097177.87821184,0.7776185574700872,True,True,True
27000.0,0.0,0.6,0.3,0.29109271713195306,0.6650851895710178,0.8749793064132703,1.0,31.808625617596658,253757322.98836428,0.728457542144929,True,True,True
27000.0,0.1,0.6,0.3,0.29109271713195306,0.6650851895710178,0.9338758824940476,1.2619278278328425,33.08097064230053,320223427.3953836,0.7774914504192014,True,True,True
27000.0,0.15,0.6,0.3,0.29109271713195306,0.6650851895710178,0.9212089959548667,1.5680134842068083,34.67140192318036,397894904.16197747,0.7669457278320182,True,True,True
27000.0,0.0,0.6,0.5,0.06287602690050187,0.6289419590211753,0.8663661861832036,1.0,31.808625617596658,54811581.76548669,0.705630116275486,True,True,True
27000.0,0.1,0.6,0.5,0.06287602690050187,0.6289419590211753,0.9473691289401064,1.6558798646036643,33.08097064230053,90761394.59254678,0.7716046624059407,True,True,True
27000.0,0.15,0.6,0.5,0.06287602690050187,0.6289419590211753,0.9341897828377606,1.9679749474672363,34.67140192318036,107867819.74552979,0.760870467476654,True,True,True
27000.0,0.0,0.6,0.7,0.0229140039724861,0.5881802602361701,0.8503713678896534,1.0,31.808625617596658,19975066.241066575,0.6752715101761888,True,True,True
27000.0,0.1,0.6,0.7,0.0229140039724861,0.5881802602361701,0.9115247731452154,1.8399087954738962,33.08097064230053,36752300.06711209,0.7238328257127421,True,True,True
27000.0,0.15,0.6,0.7,0.0229140039724861,0.5881802602361701,0.9282969436850292,2.019532593194741,34.67140192318036,40340297.32505791,0.7371514407990656,True,True,True
27000.0,0.0,1.0,0.3,0.17465563027917186,0.6546286937478006,0.8342294815770418,1.0,31.808625617596658,152254393.79301858,0.6901700186938629,True,True,True
27000.0,0.1,1.0,0.3,0.17465563027917186,0.6546286937478006,0.9226604652350907,1.5489815943424299,33.08097064230053,235839253.6431501,0.7633302401823381,True,True,True
27000.0,0.15,1.0,0.3,0.17465563027917186,0.6546286937478006,0.9185936707662771,1.8632171509156128,34.67140192318036,283682997.81741184,0.7599657227725012,True,True,True
27000.0,0.0,1.0,0.5,0.037725616140301114,0.6122779890908185,0.8196538846444962,1.0,31.808625617596658,32886949.059292015,0.660754958442553,True,True,True
27000.0,0.1,1.0,0.5,0.037725616140301114,0.6122779890908185,0.8868737717072662,1.8287360593203972,33.08097064230053,60141549.625760324,0.7149435306127905,True,True,True
27000.0,0.15,1.0,0.5,0.037725616140301114,0.6122779890908185,0.9108010384666032,2.1766801636873927,34.67140192318036,71584369.66155869,0.7342322333803821,True,True,True
27000.0,0.0,1.0,0.7,0.013748402383491658,0.5521783164747021,0.7924098380908393,1.0,31.808625617596658,11985039.744639944,0.6149806842229151,True,True,True
27000.0,0.1,1.0,0.7,0.013748402383491658,0.5521783164747021,0.8819784100765838,2.143542593196637,33.08097064230053,25690443.17379027,0.6844938818598532,True,True,True
27000.0,0.15,1.0,0.7,0.013748402383491658,0.5521783164747021,0.8699240997012201,2.080124547987701,34.67140192318036,24930375.381433796,0.6751386622675053,True,True,True
27500.0,0.0,0.3,0.3,0.5821854342639061,0.677001210525983,0.9197106661229045,1.0,31.808625617596658,526594940.2950459,0.7711779502108845,False,True,True
27500.0,0.1,0.3,0.3,0.5821854342639061,0.677001210525983,0.9717143552512466,1.151680648019845,33.08097064230053,606469202.08297,0.8147830750209079,False,True,True
27500.0,0.15,0.3,0.3,0.5821854342639061,0.677001210525983,0.9920376702282916,1.2087966512751571,34.67140192318036,636546200.4070928,0.8318241869301105,False,True,True
27500.0,0.0,0.3,0.5,0.12575205380100374,0.6469636663570484,0.9145438907578087,1.0,31.808625617596658,113744507.10372992,0.7531102796834603,True,True,True
27500.0,0.1,0.3,0.5,0.12575205380100374,0.6469636663570484,0.9783208997317431,1.271431304860563,33.08097064230053,144618327.08761692,0.805629487947959,True,True,True
27500.0,0.15,0.3,0.5,0.12575205380100374,0.6469636663570484,0.9665343472441825,1.6404509398191112,34.67140192318036,186592283.5775753,0.7959234760986477,True,True,True
27500.0,0.0,0.3,0.7,0.0458280079449722,0.6188500244276481,0.9067823029115004,1.0,31.808625617596658,41452079.84829807,0.7339722766094207,True,True,True
27500.0,0.1,0.3,0.7,0.0458280079449722,0.6188500244276481,0.9670731286449818,1.7228732275000502,33.08097064230053,71416678.5948271,0.7827731789651254,True,True,True
27500.0,0.15,0.3,0.7,0.0458280079449722,0.6188500244276481,0.9604570000353636,1.9298353494244838,34.67140192318036,79995688.99841191,0.777417918984477,True,True,True
27500.0,0.0,0.6,0.3,0.29109271713195306,0.6648056164015641,0.8749793064132703,1.0,31.808625617596658,263297470.14752296,0.7283352317759787,True,True,True
27500.0,0.1,0.6,0.3,0.29109271713195306,0.6648056164015641,0.9338758824940476,1.2619278278328425,33.08097064230053,332262404.57714635,0.7773609070990288,True,True,True
27500.0,0.15,0.6,0.3,0.29109271713195306,0.6648056164015641,0.9212089959548667,1.5680134842068083,34.67140192318036,412853983.54885554,0.7668169551726539,False,True,True
27500.0,0.0,0.6,0.5,0.06287602690050187,0.6285397929106381,0.8663661861832036,1.0,31.808625617596658,56872253.55186496,0.7054559047157868,True,True,True
27500.0,0.1,0.6,0.5,0.06287602690050187,0.6285397929106381,0.9473691289401064,1.6558798646036643,33.08097064230053,94173619.51116742,0.7714141625270262,True,True,True
27500.0,0.15,0.6,0.5,0.06287602690050187,0.6285397929106381,0.9341897828377606,1.9679749474672363,34.67140192318036,111923170.19607478,0.7606826177409203,True,True,True
27500.0,0.0,0.6,0.7,0.0229140039724861,0.5879238188288254,0.8503713678896534,1.0,31.808625617596658,20726039.924149036,0.6751624749610152,True,True,True
27500.0,0.1,0.6,0.7,0.0229140039724861,0.5879238188288254,0.9115247731452154,1.8399087954738962,33.08097064230053,38134023.151784934,0.7237159493649146,True,True,True
27500.0,0.15,0.6,0.7,0.0229140039724861,0.5879238188288254,0.9282969436850292,2.019532593194741,34.67140192318036,41856913.15467444,0.7370324139117294,True,True,True
27500.0,0.0,1.0,0.3,0.17465563027917186,0.6543763330746686,0.8342294815770418,1.0,31.808625617596658,157978482.0885138,0.6900647553371041,True,True,True
27500.0,0.1,1.0,0.3,0.17465563027917186,0.6543763330746686,0.9226604652350907,1.5489815943424299,33.08097064230053,244705761.0572631,0.7632138185742986,True,True,True
27500.0,0.15,1.0,0.3,0.17465563027917186,0.6543763330746686,0.9185936707662771,1.8632171509156128,34.67140192318036,294348217.3029338,0.7598498143139564,True,True,True
27500.0,0.0,1.0,0.5,0.037725616140301114,0.6118711292407417,0.8196538846444962,1.0,31.808625617596658,34123352.131118976,0.6605882163142424,True,True,True
27500.0,0.1,1.0,0.5,0.037725616140301114,0.6118711292407417,0.8868737717072662,1.8287360593203972,33.08097064230053,62402604.50706479,0.7147631139478935,True,True,True
27500.0,0.15,1.0,0.5,0.037725616140301114,0.6118711292407417,0.9108010384666032,2.1766801636873927,34.67140192318036,74275623.7023266,0.734046949193402,True,True,True
27500.0,0.0,1.0,0.7,0.013748402383491658,0.5517701950240173,0.7924098380908393,1.0,31.808625617596658,12435623.95448942,0.6148189844965858,True,True,True
27500.0,0.1,1.0,0.7,0.013748402383491658,0.5517701950240173,0.8819784100765838,2.143542593196637,33.08097064230053,26656289.61942447,0.6843139047057566,True,True,True
27500.0,0.15,1.0,0.7,0.013748402383491658,0.5517701950240173,0.8699240997012201,2.080124547987701,34.67140192318036,25867646.65727733,0.6749611449247275,True,True,True
28000.0,0.0,0.3,0.3,0.5821854342639061,0.6769915497545128,0.9197106661229045,1.0,31.808625617596658,546036868.8480271,0.7711735076536025,False,True,True
28000.0,0.1,0.3,0.3,0.5821854342639061,0.6769915497545128,0.9717143552512466,1.151680648019845,33.08097064230053,628860094.9576229,0.8147783812657475,False,True,True
28000.0,0.15,0.3,0.3,0.5821854342639061,0.6769915497545128,0.9920376702282916,1.2087966512751571,34.67140192318036,660047538.5362673,0.8318193950054995,False,True,True
28000.0,0.0,0.3,0.5,0.12575205380100374,0.6467552028477137,0.9145438907578087,1.0,31.808625617596658,117943963.67117386,0.7530149551690063,True,True,True
28000.0,0.1,0.3,0.5,0.12575205380100374,0.6467552028477137,0.9783208997317431,1.271431304860563,33.08097064230053,149957647.63086742,0.8055275158439522,True,True,True
28000.0,0.15,0.3,0.5,0.12575205380100374,0.6467552028477137,0.9665343472441825,1.6404509398191112,34.67140192318036,193481286.05036825,0.7958227325276882,True,True,True
28000.0,0.0,0.3,0.7,0.0458280079449722,0.6185426206007472,0.9067823029115004,1.0,31.808625617596658,42982494.04926161,0.7338329024343802,True,True,True
28000.0,0.1,0.3,0.7,0.0458280079449722,0.6185426206007472,0.9670731286449818,1.7228732275000502,33.08097064230053,74053388.24865305,0.7826245379748062,True,True,True
28000.0,0.15,0.3,0.7,0.0458280079449722,0.6185426206007472,0.9604570000353636,1.9298353494244838,34.67140192318036,82949136.42269257,0.7772702949057847,True,True,True
28000.0,0.0,0.6,0.3,0.29109271713195306,0.664690779424566,0.8749793064132703,1.0,31.808625617596658,273018434.42401356,0.7282849917867366,True,True,True
28000.0,0.1,0.6,0.3,0.29109271713195306,0.664690779424566,0.9338758824940476,1.2619278278328425,33.08097064230053,344529559.9110188,0.7773072853574102,True,True,True
28000.0,0.15,0.6,0.3,0.29109271713195306,0.664690779424566,0.9212089959548667,1.5680134842068083,34.67140192318036,428096586.6138855,0.7667640607445144,False,True,True
28000.0,0.0,0.6,0.5,0.06287602690050187,0.6282693116080627,0.8663661861832036,1.0,31.808625617596658,58971981.83558693,0.7053387367885138,True,True,True
28000.0,0.1,0.6,0.5,0.06287602690050187,0.6282693116080627,0.9473691289401064,1.6558798646036643,33.08097064230053,97650517.29732144,0.7712860397090184,True,True,True
28000.0,0.15,0.6,0.5,0.06287602690050187,0.6282693116080627,0.9341897828377606,1.9679749474672363,34.67140192318036,116055382.854928,0.760556277306263,True,True,True
28000.0,0.0,0.6,0.7,0.0229140039724861,0.5877921511270381,0.8503713678896534,1.0,31.808625617596658,21491247.024630804,0.6751064917391774,True,True,True
28000.0,0.1,0.6,0.7,0.0229140039724861,0.5877921511270381,0.9115247731452154,1.8399087954738962,33.08097064230053,39541934.42632042,0.7236559401789134,True,True,True
28000.0,0.15,0.6,0.7,0.0229140039724861,0.5877921511270381,0.9282969436850292,2.019532593194741,34.67140192318036,43402273.83464141,0.7369713005491537,True,True,True
28000.0,0.0,1.0,0.3,0.17465563027917186,0.6541995418344648,0.8342294815770418,1.0,31.808625617596658,163811060.65440816,0.6899910131047728,True,True,True
28000.0,0.1,1.0,0.3,0.17465563027917186,0.6541995418344648,0.9226604652350907,1.5489815943424299,33.08097064230053,253740317.90338963,0.7631322594303306,True,True,True
28000.0,0.15,1.0,0.3,0.17465563027917186,0.6541995418344648,0.9185936707662771,1.8632171509156128,34.67140192318036,305215577.720971,0.7597686146568073,True,True,True
28000.0,0.0,1.0,0.5,0.037725616140301114,0.6115679801938799,0.8196538846444962,1.0,31.808625617596658,35383189.101352155,0.660463977667299,True,True,True
28000.0,0.1,1.0,0.5,0.037725616140301114,0.6115679801938799,0.8868737717072662,1.8287360593203972,33.08097064230053,64706513.80339517,0.7146286864786036,True,True,True
28000.0,0.15,1.0,0.5,0.037725616140301114,0.6115679801938799,0.9108010384666032,2.1766801636873927,34.67140192318036,77017885.84491318,0.733908894960056,True,True,True
28000.0,0.0,1.0,0.7,0.013748402383491658,0.5513714797858189,0.7924098380908393,1.0,31.808625617596658,12894748.214778481,0.6146610115579133,True,True,True
28000.0,0.1,1.0,0.7,0.013748402383491658,0.5513714797858189,0.8819784100765838,2.143542593196637,33.08097064230053,27640442.026923973,0.6841380755898269,True,True,True
28000.0,0.15,1.0,0.7,0.013748402383491658,0.5513714797858189,0.8699240997012201,2.080124547987701,34.67140192318036,26822682.301681302,0.6747877189274141,True,True,True
