rho_impact,e_eff_eq,e_eff_frozen_rebound,e_eff_frozen_all,delta_frozen,e_eff_coupled,f_eq,f_frozen_rebound,f_frozen_all
0.01,0.6954487534627602,0.5017030210860021,0.6466386692656294,0.19374573237675818,0.34488145485565336,0.6578628174734592,0.5630900678644514,0.6339868547295996
0.02,0.7010983463781455,0.5118002476922219,0.646638668567757,0.18929809868592362,0.46440491490798474,0.7163289669621832,0.6237318238502226,0.689689446464903
0.04,0.7062214059899095,0.5237758078743873,0.6466386683786283,0.1824455981155222,0.5972403423183812,0.781306804392378,0.6920616335421411,0.7521612856582035
0.07,0.7106424527988542,0.5327012492340584,0.6466386683787722,0.1779412035647958,0.6529159047507203,0.8085410875583164,0.7214992883728862,0.7772329675782708
0.11,0.71376778884506,0.5414731039544458,0.6466386683784997,0.17229468489061417,0.6767875524767213,0.8202181534990066,0.7359384079284153,0.7873812427324838
0.16,0.7164154200681014,0.5483129527590556,0.6466386683787333,0.16810246730904588,0.6902957486109915,0.8268258287969227,0.7445967502644669,0.7926938015503722
