volume_m3,temp_k,throat_area_m2,time_ms,x_m,area_ratio,rho,temp_station_k,pressure_pa,speed_m_s,n_h,n_third,k_eff_m6_s,tau_exp_s,tau_rec_s,damkohler,verdict,store_held,margin_decades
200,10000,2,0.000013,0.0001,1.00013,1.630662e+00,8535.79,3.379091e+07,5397.90,2.225153e+26,2.863755e+26,5.106673e-45,1.038941e-06,3.073026e-09,3.380839e+02,equilibrium,0.903373,1.5290
200,10000,2,0.000228,0.0012,1.00231,1.578531e+00,8454.86,3.233013e+07,5564.02,2.149964e+26,2.766411e+26,5.156926e-45,6.622111e-06,3.260328e-09,2.031118e+03,equilibrium,0.899873,2.3077
200,10000,2,0.000646,0.0036,1.00668,1.528067e+00,8376.28,3.093804e+07,5722.86,2.077345e+26,2.672332e+26,5.206840e-45,1.286394e-05,3.459605e-09,3.718326e+03,equilibrium,0.896348,2.5703
200,10000,2,0.001234,0.0070,1.01298,1.479216e+00,8299.92,2.961097e+07,5875.08,2.007209e+26,2.581417e+26,5.256431e-45,1.807701e-05,3.671625e-09,4.923437e+03,equilibrium,0.892803,2.6923
200,10000,2,0.001965,0.0114,1.02102,1.431927e+00,8225.67,2.834549e+07,6021.27,1.939467e+26,2.493565e+26,5.305713e-45,2.250645e-05,3.897203e-09,5.775027e+03,equilibrium,0.889241,2.7616
200,10000,2,0.002820,0.0166,1.03067,1.386150e+00,8153.40,2.713837e+07,6161.94,1.874037e+26,2.408679e+26,5.354702e-45,2.633136e-05,4.137210e-09,6.364522e+03,equilibrium,0.885667,2.8038
200,10000,2,0.003785,0.0226,1.04178,1.341836e+00,8083.02,2.598658e+07,6297.51,1.810836e+26,2.326664e+26,5.403411e-45,2.968499e-05,4.392574e-09,6.757994e+03,equilibrium,0.882083,2.8298
200,10000,2,0.004846,0.0293,1.05428,1.298938e+00,8014.43,2.488727e+07,6428.38,1.749787e+26,2.247427e+26,5.451853e-45,3.266805e-05,4.664283e-09,7.003875e+03,equilibrium,0.878492,2.8453
200,10000,2,0.005995,0.0368,1.06808,1.257412e+00,7947.53,2.383777e+07,6554.89,1.690815e+26,2.170878e+26,5.500041e-45,3.535781e-05,4.953390e-09,7.138103e+03,equilibrium,0.874898,2.8536
200,10000,2,0.007224,0.0449,1.08311,1.217214e+00,7882.23,2.283555e+07,6677.35,1.633846e+26,2.096929e+26,5.547986e-45,3.781432e-05,5.261020e-09,7.187640e+03,equilibrium,0.871303,2.8566
200,10000,2,0.008526,0.0537,1.09935,1.178301e+00,7818.47,2.187826e+07,6796.01,1.578810e+26,2.025493e+26,5.595699e-45,4.008484e-05,5.588370e-09,7.172902e+03,equilibrium,0.867709,2.8557
200,10000,2,0.009898,0.0631,1.11674,1.140632e+00,7756.15,2.096365e+07,6911.13,1.525639e+26,1.956487e+26,5.643191e-45,4.220695e-05,5.936717e-09,7.109477e+03,equilibrium,0.864118,2.8518
200,10000,2,0.011334,0.0731,1.13525,1.104167e+00,7695.22,2.008963e+07,7022.92,1.474269e+26,1.889832e+26,5.690469e-45,4.421093e-05,6.307422e-09,7.009349e+03,equilibrium,0.860532,2.8457
200,10000,2,0.012833,0.0837,1.15488,1.068867e+00,7635.60,1.925422e+07,7131.59,1.424637e+26,1.825448e+26,5.737543e-45,4.612132e-05,6.701938e-09,6.881789e+03,equilibrium,0.856953,2.8377
200,10000,2,0.014391,0.0949,1.17559,1.034697e+00,7577.24,1.845553e+07,7237.30,1.376682e+26,1.763259e+26,5.784421e-45,4.795830e-05,7.121811e-09,6.734003e+03,equilibrium,0.853383,2.8283
200,10000,2,0.016007,0.1067,1.19738,1.001618e+00,7520.08,1.769182e+07,7340.23,1.330346e+26,1.703191e+26,5.831109e-45,4.973855e-05,7.568694e-09,6.571617e+03,equilibrium,0.849822,2.8177
200,10000,2,0.017679,0.1190,1.22025,9.695975e-01,7464.07,1.696140e+07,7440.53,1.285573e+26,1.645173e+26,5.877614e-45,5.147603e-05,8.044346e-09,6.399032e+03,equilibrium,0.846273,2.8061
200,10000,2,0.019407,0.1320,1.24420,9.386004e-01,7409.15,1.626269e+07,7538.33,1.242308e+26,1.589136e+26,5.923942e-45,5.318247e-05,8.550647e-09,6.219702e+03,equilibrium,0.842735,2.7938
200,10000,2,0.021190,0.1455,1.26922,9.085942e-01,7355.28,1.559422e+07,7633.76,1.200500e+26,1.535012e+26,5.970098e-45,5.486790e-05,9.089599e-09,6.036338e+03,equilibrium,0.839211,2.7808
200,10000,2,0.023027,0.1596,1.29533,8.795472e-01,7302.41,1.495455e+07,7726.93,1.160098e+26,1.482737e+26,6.016086e-45,5.654087e-05,9.663340e-09,5.851069e+03,equilibrium,0.835701,2.7672
200,10000,2,0.024918,0.1743,1.32252,8.514289e-01,7250.51,1.434235e+07,7817.96,1.121054e+26,1.432248e+26,6.061910e-45,5.820882e-05,1.027415e-08,5.665561e+03,equilibrium,0.832206,2.7532
200,10000,2,0.026864,0.1896,1.35083,8.242095e-01,7199.53,1.375636e+07,7906.94,1.083321e+26,1.383484e+26,6.107575e-45,5.987822e-05,1.092446e-08,5.481116e+03,equilibrium,0.828726,2.7389
200,10000,2,0.028864,0.2055,1.38025,7.978602e-01,7149.45,1.319536e+07,7993.96,1.046855e+26,1.336386e+26,6.153082e-45,6.155479e-05,1.161686e-08,5.298745e+03,equilibrium,0.825263,2.7242
200,10000,2,0.030919,0.2220,1.41080,7.723533e-01,7100.22,1.265822e+07,8079.10,1.011612e+26,1.290897e+26,6.198436e-45,6.324361e-05,1.235413e-08,5.119227e+03,equilibrium,0.821817,2.7092
200,10000,2,0.033029,0.2392,1.44251,7.476619e-01,7051.82,1.214386e+07,8162.46,9.775501e+25,1.246963e+26,6.243637e-45,6.494924e-05,1.313922e-08,4.943157e+03,equilibrium,0.818388,2.6940
200,10000,2,0.035196,0.2569,1.47539,7.237598e-01,7004.20,1.165123e+07,8244.10,9.446292e+25,1.204531e+26,6.288687e-45,6.667578e-05,1.397529e-08,4.770978e+03,equilibrium,0.814977,2.6786
200,10000,2,0.037419,0.2753,1.50947,7.006219e-01,6957.36,1.117938e+07,8324.10,9.128106e+25,1.163548e+26,6.333589e-45,6.842702e-05,1.486569e-08,4.603017e+03,equilibrium,0.811584,2.6630
200,10000,2,0.039700,0.2944,1.54477,6.782236e-01,6911.25,1.072736e+07,8402.51,8.820568e+25,1.123966e+26,6.378342e-45,7.020642e-05,1.581402e-08,4.439504e+03,equilibrium,0.808210,2.6473
200,10000,2,0.042040,0.3142,1.58131,6.565414e-01,6865.86,1.029429e+07,8479.40,8.523316e+25,1.085737e+26,6.422948e-45,7.201721e-05,1.682413e-08,4.280591e+03,equilibrium,0.804854,2.6315
200,10000,2,0.044440,0.3346,1.61913,6.355524e-01,6821.15,9.879337e+06,8554.83,8.236002e+25,1.048813e+26,6.467407e-45,7.386242e-05,1.790009e-08,4.126371e+03,equilibrium,0.801518,2.6156
200,10000,2,0.046901,0.3558,1.65826,6.152343e-01,6777.12,9.481695e+06,8628.85,7.958291e+25,1.013151e+26,6.511719e-45,7.574490e-05,1.904629e-08,3.976885e+03,equilibrium,0.798202,2.5995
200,10000,2,0.049424,0.3776,1.69872,5.955658e-01,6733.73,9.100604e+06,8701.51,7.689858e+25,9.787069e+25,6.555883e-45,7.766739e-05,2.026739e-08,3.832136e+03,equilibrium,0.794905,2.5834
200,10000,2,0.052012,0.4002,1.74054,5.765261e-01,6690.96,8.735338e+06,8772.86,7.430391e+25,9.454393e+25,6.599899e-45,7.963251e-05,2.156837e-08,3.692096e+03,equilibrium,0.791628,2.5673
200,10000,2,0.054664,0.4236,1.78377,5.580951e-01,6648.80,8.385208e+06,8842.95,7.179587e+25,9.133077e+25,6.643767e-45,8.164278e-05,2.295456e-08,3.556713e+03,equilibrium,0.788371,2.5510
200,10000,2,0.057384,0.4477,1.82844,5.402533e-01,6607.23,8.049555e+06,8911.81,6.937155e+25,8.822732e+25,6.687485e-45,8.370068e-05,2.443164e-08,3.425913e+03,equilibrium,0.785133,2.5348
200,10000,2,0.060172,0.4727,1.87459,5.229819e-01,6566.23,7.727752e+06,8979.49,6.702815e+25,8.522982e+25,6.731052e-45,8.580861e-05,2.600568e-08,3.299610e+03,equilibrium,0.781917,2.5185
200,10000,2,0.063030,0.4984,1.92226,5.062626e-01,6525.78,7.419201e+06,9046.03,6.476294e+25,8.233462e+25,6.774467e-45,8.796897e-05,2.768317e-08,3.177706e+03,equilibrium,0.778720,2.5021
200,10000,2,0.065960,0.5250,1.97148,4.900779e-01,6485.87,7.123331e+06,9111.46,6.257332e+25,7.953822e+25,6.817727e-45,9.018409e-05,2.947103e-08,3.060093e+03,equilibrium,0.775543,2.4857
200,10000,2,0.068964,0.5525,2.02230,4.744105e-01,6446.48,6.839599e+06,9175.82,6.045674e+25,7.683724e+25,6.860830e-45,9.245632e-05,3.137667e-08,2.946658e+03,equilibrium,0.772387,2.4693
200,10000,2,0.072044,0.5809,2.07477,4.592440e-01,6407.61,6.567485e+06,9239.14,5.841077e+25,7.422839e+25,6.903775e-45,9.478801e-05,3.340799e-08,2.837286e+03,equilibrium,0.769252,2.4529
200,10000,2,0.075202,0.6101,2.12893,4.445624e-01,6369.23,6.306493e+06,9301.46,5.643306e+25,7.170852e+25,6.946560e-45,9.718149e-05,3.557344e-08,2.731855e+03,equilibrium,0.766136,2.4365
200,10000,2,0.078439,0.6403,2.18483,4.303502e-01,6331.34,6.056152e+06,9362.79,5.452131e+25,6.927458e+25,6.989181e-45,9.963911e-05,3.788205e-08,2.630246e+03,equilibrium,0.763041,2.4200
200,10000,2,0.081758,0.6715,2.24252,4.165923e-01,6293.91,5.816009e+06,9423.18,5.267335e+25,6.692362e+25,7.031636e-45,1.021633e-04,4.034347e-08,2.532337e+03,equilibrium,0.759966,2.4035
200,10000,2,0.085162,0.7037,2.30205,4.032742e-01,6256.95,5.585633e+06,9482.64,5.088703e+25,6.465279e+25,7.073923e-45,1.047564e-04,4.296802e-08,2.438008e+03,equilibrium,0.756911,2.3870
200,10000,2,0.088652,0.7369,2.36348,3.903819e-01,6220.43,5.364613e+06,9541.21,4.916031e+25,6.245935e+25,7.116037e-45,1.074208e-04,4.576671e-08,2.347139e+03,equilibrium,0.753877,2.3705
200,10000,2,0.092232,0.7711,2.42686,3.779017e-01,6184.35,5.152553e+06,9598.91,4.749121e+25,6.034064e+25,7.157977e-45,1.101591e-04,4.875133e-08,2.259612e+03,equilibrium,0.750863,2.3540
200,10000,2,0.095902,0.8065,2.49225,3.658205e-01,6148.70,4.949080e+06,9655.75,4.587782e+25,5.829411e+25,7.199740e-45,1.129738e-04,5.193448e-08,2.175313e+03,equilibrium,0.747868,2.3375
200,10000,2,0.099667,0.8429,2.55970,3.541256e-01,6113.47,4.753832e+06,9711.78,4.431828e+25,5.631728e+25,7.241321e-45,1.158674e-04,5.532962e-08,2.094129e+03,equilibrium,0.744894,2.3210
200,10000,2,0.103528,0.8805,2.62928,3.428045e-01,6078.64,4.566466e+06,9767.00,4.281081e+25,5.440776e+25,7.282717e-45,1.188425e-04,5.895116e-08,2.015948e+03,equilibrium,0.741939,2.3045
200,10000,2,0.107489,0.9193,2.70106,3.318453e-01,6044.22,4.386654e+06,9821.43,4.135368e+25,5.256325e+25,7.323925e-45,1.219018e-04,6.281449e-08,1.940664e+03,equilibrium,0.739004,2.2880
200,10000,2,0.111552,0.9594,2.77510,3.212365e-01,6010.18,4.214081e+06,9875.11,3.994522e+25,5.078151e+25,7.364941e-45,1.250481e-04,6.693607e-08,1.868173e+03,equilibrium,0.736089,2.2714
200,10000,2,0.115720,1.0006,2.85146,3.109669e-01,5976.53,4.048448e+06,9928.04,3.858383e+25,4.906041e+25,7.405762e-45,1.282842e-04,7.133353e-08,1.798372e+03,equilibrium,0.733193,2.2549
200,10000,2,0.119996,1.0432,2.93022,3.010256e-01,5943.26,3.889466e+06,9980.25,3.726794e+25,4.739787e+25,7.446384e-45,1.316129e-04,7.602569e-08,1.731164e+03,equilibrium,0.730317,2.2383
200,10000,2,0.124384,1.0871,3.01145,2.914020e-01,5910.35,3.736861e+06,10031.75,3.599605e+25,4.579188e+25,7.486802e-45,1.350372e-04,8.103271e-08,1.666453e+03,equilibrium,0.727460,2.2218
200,10000,2,0.128886,1.1324,3.09523,2.820862e-01,5877.80,3.590369e+06,10082.55,3.476670e+25,4.424051e+25,7.527014e-45,1.385601e-04,8.637612e-08,1.604148e+03,equilibrium,0.724622,2.2052
200,10000,2,0.133506,1.1791,3.18163,2.730681e-01,5845.61,3.449739e+06,10132.69,3.357849e+25,4.274189e+25,7.567015e-45,1.421846e-04,9.207899e-08,1.544159e+03,equilibrium,0.721803,2.1887
200,10000,2,0.138247,1.2272,3.27073,2.643384e-01,5813.76,3.314730e+06,10182.17,3.243006e+25,4.129421e+25,7.606801e-45,1.459141e-04,9.816598e-08,1.486402e+03,equilibrium,0.719003,2.1721
200,10000,2,0.143112,1.2769,3.36262,2.558877e-01,5782.25,3.185110e+06,10231.00,3.132009e+25,3.989574e+25,7.646369e-45,1.497517e-04,1.046635e-07,1.430792e+03,equilibrium,0.716222,2.1556
200,10000,2,0.148106,1.3281,3.45738,2.477072e-01,5751.08,3.060660e+06,10279.21,3.024732e+25,3.854480e+25,7.685713e-45,1.537008e-04,1.115997e-07,1.377251e+03,equilibrium,0.713459,2.1390
200,10000,2,0.153232,1.3809,3.55510,2.397883e-01,5720.24,2.941167e+06,10326.80,2.921051e+25,3.723975e+25,7.724831e-45,1.577650e-04,1.190050e-07,1.325701e+03,equilibrium,0.710715,2.1224
200,10000,2,0.158494,1.4354,3.65587,2.321224e-01,5689.72,2.826430e+06,10373.79,2.820848e+25,3.597904e+25,7.763718e-45,1.619476e-04,1.269115e-07,1.276067e+03,equilibrium,0.707989,2.1059
200,10000,2,0.163896,1.4915,3.75979,2.247017e-01,5659.51,2.716254e+06,10420.19,2.724008e+25,3.476115e+25,7.802370e-45,1.662525e-04,1.353539e-07,1.228280e+03,equilibrium,0.705282,2.0893
200,10000,2,0.169442,1.5494,3.86694,2.175182e-01,5629.62,2.610453e+06,10466.02,2.630421e+25,3.358461e+25,7.840784e-45,1.706833e-04,1.443694e-07,1.182269e+03,equilibrium,0.702592,2.0727
200,10000,2,0.175135,1.6092,3.97745,2.105643e-01,5600.04,2.508851e+06,10511.29,2.539978e+25,3.244802e+25,7.878954e-45,1.752440e-04,1.539974e-07,1.137968e+03,equilibrium,0.699920,2.0561
200,10000,2,0.180982,1.6707,4.09140,2.038328e-01,5570.76,2.411276e+06,10556.01,2.452576e+25,3.135001e+25,7.916878e-45,1.799386e-04,1.642805e-07,1.095313e+03,equilibrium,0.697265,2.0395
200,10000,2,0.186985,1.7343,4.20890,1.973164e-01,5541.77,2.317564e+06,10600.19,2.368114e+25,3.028927e+25,7.954551e-45,1.847711e-04,1.752640e-07,1.054244e+03,equilibrium,0.694629,2.0229
200,10000,2,0.193150,1.7997,4.33007,1.910084e-01,5513.08,2.227561e+06,10643.84,2.286497e+25,2.926453e+25,7.991970e-45,1.897458e-04,1.869968e-07,1.014701e+03,equilibrium,0.692009,2.0063
200,10000,2,0.199482,1.8673,4.45501,1.849020e-01,5484.68,2.141115e+06,10686.97,2.207629e+25,2.827455e+25,8.029130e-45,1.948671e-04,1.995307e-07,9.766270e+02,equilibrium,0.689407,1.9897
200,10000,2,0.205985,1.9369,4.58386,1.789909e-01,5456.56,2.058083e+06,10729.59,2.131420e+25,2.731816e+25,8.066028e-45,2.001394e-04,2.129216e-07,9.399674e+02,equilibrium,0.686821,1.9731
200,10000,2,0.212664,2.0087,4.71672,1.732687e-01,5428.72,1.978327e+06,10771.72,2.057783e+25,2.639421e+25,8.102660e-45,2.055674e-04,2.272293e-07,9.046695e+02,equilibrium,0.684253,1.9565
200,10000,2,0.219525,2.0827,4.85372,1.677295e-01,5401.16,1.901716e+06,10813.37,1.986632e+25,2.550159e+25,8.139023e-45,2.111558e-04,2.425175e-07,8.706828e+02,equilibrium,0.681701,1.9399
200,10000,2,0.226572,2.1591,4.99500,1.623673e-01,5373.87,1.828123e+06,10854.53,1.917885e+25,2.463924e+25,8.175112e-45,2.169097e-04,2.588549e-07,8.379584e+02,equilibrium,0.679166,1.9232
200,10000,2,0.233812,2.2378,5.14069,1.571766e-01,5346.85,1.757426e+06,10895.23,1.851463e+25,2.380612e+25,8.210925e-45,2.228339e-04,2.763148e-07,8.064494e+02,equilibrium,0.676647,1.9066
200,10000,2,0.241251,2.3190,5.29091,1.521518e-01,5320.09,1.689510e+06,10935.47,1.787289e+25,2.300125e+25,8.246458e-45,2.289338e-04,2.949757e-07,7.761109e+02,equilibrium,0.674144,1.8899
200,10000,2,0.248893,2.4028,5.44583,1.472876e-01,5293.60,1.624262e+06,10975.26,1.725289e+25,2.222366e+25,8.281708e-45,2.352148e-04,3.149217e-07,7.468992e+02,equilibrium,0.671657,1.8733
200,10000,2,0.256746,2.4891,5.60558,1.425790e-01,5267.36,1.561577e+06,11014.60,1.665391e+25,2.147242e+25,8.316671e-45,2.416823e-04,3.362430e-07,7.187727e+02,equilibrium,0.669186,1.8566
200,10000,2,0.264815,2.5781,5.77032,1.380208e-01,5241.38,1.501351e+06,11053.52,1.607525e+25,2.074664e+25,8.351344e-45,2.483421e-04,3.590361e-07,6.916912e+02,equilibrium,0.666731,1.8399
200,10000,2,0.273106,2.6699,5.94020,1.336084e-01,5215.64,1.443486e+06,11092.00,1.551624e+25,2.004545e+25,8.385725e-45,2.552001e-04,3.834043e-07,6.656160e+02,equilibrium,0.664291,1.8232
200,10000,2,0.281628,2.7646,6.11539,1.293371e-01,5190.16,1.387887e+06,11130.07,1.497623e+25,1.936802e+25,8.419810e-45,2.622623e-04,4.094586e-07,6.405100e+02,equilibrium,0.661866,1.8065
200,10000,2,0.290385,2.8623,6.29605,1.252023e-01,5164.92,1.334466e+06,11167.73,1.445460e+25,1.871353e+25,8.453597e-45,2.695350e-04,4.373175e-07,6.163372e+02,equilibrium,0.659457,1.7898
200,10000,2,0.299386,2.9629,6.48235,1.211997e-01,5139.92,1.283134e+06,11204.99,1.395072e+25,1.808120e+25,8.487083e-45,2.770247e-04,4.671083e-07,5.930632e+02,equilibrium,0.657063,1.7731
200,10000,2,0.308638,3.0668,6.67447,1.173250e-01,5115.17,1.233808e+06,11241.84,1.346402e+25,1.747029e+25,8.520266e-45,2.847380e-04,4.989671e-07,5.706549e+02,equilibrium,0.654683,1.7564
200,10000,2,0.318147,3.1739,6.87260,1.135743e-01,5090.64,1.186409e+06,11278.31,1.299392e+25,1.688007e+25,8.553142e-45,2.926818e-04,5.330401e-07,5.490803e+02,equilibrium,0.652318,1.7396
200,10000,2,0.327923,3.2843,7.07692,1.099434e-01,5066.36,1.140860e+06,11314.40,1.253987e+25,1.630984e+25,8.585711e-45,3.008631e-04,5.694836e-07,5.283087e+02,equilibrium,0.649968,1.7229
200,10000,2,0.337972,3.3982,7.28764,1.064286e-01,5042.30,1.097087e+06,11350.11,1.210134e+25,1.575890e+25,8.617969e-45,3.092892e-04,6.084653e-07,5.083104e+02,equilibrium,0.647632,1.7061
200,10000,2,0.348303,3.5156,7.50494,1.030262e-01,5018.47,1.055021e+06,11385.46,1.167780e+25,1.522662e+25,8.649915e-45,3.179677e-04,6.501648e-07,4.890571e+02,equilibrium,0.645310,1.6894
200,10000,2,0.358925,3.6367,7.72904,9.973253e-02,4994.86,1.014593e+06,11420.44,1.126878e+25,1.471235e+25,8.681547e-45,3.269062e-04,6.947747e-07,4.705212e+02,equilibrium,0.643003,1.6726
200,10000,2,0.369845,3.7616,7.96016,9.654417e-02,4971.48,9.757390e+05,11455.06,1.087377e+25,1.421549e+25,8.712863e-45,3.361128e-04,7.425013e-07,4.526764e+02,equilibrium,0.640709,1.6558
200,10000,2,0.381074,3.8904,8.19852,9.345774e-02,4948.31,9.383960e+05,11489.33,1.049231e+25,1.373545e+25,8.743861e-45,3.455957e-04,7.935658e-07,4.354972e+02,equilibrium,0.638429,1.6390
200,10000,2,0.392620,4.0233,8.44434,9.046998e-02,4925.37,9.025044e+05,11523.26,1.012395e+25,1.327165e+25,8.774541e-45,3.553634e-04,8.482053e-07,4.189592e+02,equilibrium,0.636162,1.6222
200,10000,2,0.404493,4.1603,8.69786,8.757773e-02,4902.63,8.680071e+05,11556.84,9.768246e+24,1.282354e+25,8.804900e-45,3.654247e-04,9.066739e-07,4.030387e+02,equilibrium,0.633909,1.6053
200,10000,2,0.416703,4.3016,8.95932,8.477795e-02,4880.12,8.348488e+05,11590.10,9.424785e+24,1.239059e+25,8.834937e-45,3.757885e-04,9.692438e-07,3.877131e+02,equilibrium,0.631670,1.5885
200,10000,2,0.429260,4.4474,9.22899,8.206768e-02,4857.81,8.029768e+05,11623.02,9.093151e+24,1.197229e+25,8.864652e-45,3.864642e-04,1.036207e-06,3.729604e+02,equilibrium,0.629443,1.5717
200,10000,2,0.442174,4.5977,9.50711,7.944405e-02,4835.70,7.723403e+05,11655.62,8.772950e+24,1.156814e+25,8.894043e-45,3.974614e-04,1.107877e-06,3.587595e+02,equilibrium,0.627229,1.5548
200,10000,2,0.455456,4.7527,9.79395,7.690429e-02,4813.81,7.428907e+05,11687.91,8.463797e+24,1.117766e+25,8.923110e-45,4.087899e-04,1.184588e-06,3.450903e+02,equilibrium,0.625028,1.5379
200,10000,2,0.469117,4.9126,10.08980,7.444573e-02,4792.11,7.145812e+05,11719.88,8.165322e+24,1.080039e+25,8.951852e-45,4.204601e-04,1.266702e-06,3.319330e+02,equilibrium,0.622840,1.5211
200,10000,2,0.483169,5.0775,10.39493,7.206577e-02,4770.62,6.873671e+05,11751.54,7.877166e+24,1.043588e+25,8.980268e-45,4.324823e-04,1.354602e-06,3.192689e+02,equilibrium,0.620665,1.5042
200,10000,2,0.497624,5.2476,10.70964,6.976189e-02,4749.32,6.612051e+05,11782.90,7.598981e+24,1.008369e+25,9.008358e-45,4.448676e-04,1.448703e-06,3.070798e+02,equilibrium,0.618502,1.4873
200,10000,2,0.512493,5.4230,11.03424,6.753166e-02,4728.22,6.360540e+05,11813.96,7.330432e+24,9.743414e+24,9.036122e-45,4.576269e-04,1.549449e-06,2.953483e+02,equilibrium,0.616351,1.4703
200,10000,2,0.527789,5.6040,11.36903,6.537274e-02,4707.32,6.118742e+05,11844.72,7.071194e+24,9.414643e+24,9.063560e-45,4.707720e-04,1.657313e-06,2.840573e+02,equilibrium,0.614212,1.4534
200,10000,2,0.543525,5.7906,11.71435,6.328283e-02,4686.60,5.886274e+05,11875.20,6.820952e+24,9.096988e+24,9.090671e-45,4.843147e-04,1.772807e-06,2.731909e+02,equilibrium,0.612085,1.4365
200,10000,2,0.559714,5.9831,12.07053,6.125973e-02,4666.08,5.662772e+05,11905.39,6.579403e+24,8.790072e+24,9.117455e-45,4.982672e-04,1.896476e-06,2.627331e+02,equilibrium,0.609971,1.4195
200,10000,2,0.576370,6.1816,12.43791,5.930132e-02,4645.74,5.447884e+05,11935.31,6.346252e+24,8.493532e+24,9.143914e-45,5.126423e-04,2.028908e-06,2.526691e+02,equilibrium,0.607868,1.4026
200,10000,2,0.593508,6.3864,12.81684,5.740551e-02,4625.59,5.241273e+05,11964.94,6.121215e+24,8.207016e+24,9.170046e-45,5.274530e-04,2.170729e-06,2.429843e+02,equilibrium,0.605776,1.3856
200,10000,2,0.611141,6.5977,13.20770,5.557030e-02,4605.62,5.042614e+05,11994.31,5.904017e+24,7.930184e+24,9.195853e-45,5.427127e-04,2.322614e-06,2.336646e+02,equilibrium,0.603696,1.3686
200,10000,2,0.629286,6.8156,13.61087,5.379377e-02,4585.83,4.851597e+05,12023.40,5.694392e+24,7.662710e+24,9.221335e-45,5.584353e-04,2.485287e-06,2.246966e+02,equilibrium,0.601628,1.3516
200,10000,2,0.647956,7.0403,14.02673,5.207403e-02,4566.22,4.667924e+05,12052.23,5.492082e+24,7.404275e+24,9.246492e-45,5.746352e-04,2.659521e-06,2.160672e+02,equilibrium,0.599570,1.3346
200,10000,2,0.652907,7.1000,14.13717,5.164545e-02,4561.22,4.622455e+05,12059.59,5.441624e+24,7.339863e+24,9.252819e-45,5.990349e-04,2.705885e-06,2.213822e+02,equilibrium,0.599037,1.3451
200,10000,4,0.000029,0.0002,1.00013,1.630662e+00,8535.79,3.379091e+07,5397.90,2.225153e+26,2.863755e+26,5.106673e-45,2.249081e-06,3.073026e-09,7.318783e+02,equilibrium,0.903373,1.8644
200,10000,4,0.000494,0.0027,1.00231,1.578531e+00,8454.86,3.233013e+07,5564.02,2.149964e+26,2.766411e+26,5.156926e-45,1.433543e-05,3.260328e-09,4.396930e+03,equilibrium,0.899873,2.6431
200,10000,4,0.001399,0.0078,1.00668,1.528067e+00,8376.28,3.093804e+07,5722.86,2.077345e+26,2.672332e+26,5.206840e-45,2.784764e-05,3.459605e-09,8.049369e+03,equilibrium,0.896348,2.9058
200,10000,4,0.002671,0.0152,1.01298,1.479216e+00,8299.92,2.961097e+07,5875.08,2.007209e+26,2.581417e+26,5.256431e-45,3.913281e-05,3.671625e-09,1.065817e+04,equilibrium,0.892803,3.0277
200,10000,4,0.004254,0.0246,1.02102,1.431927e+00,8225.67,2.834549e+07,6021.27,1.939467e+26,2.493565e+26,5.305713e-45,4.872159e-05,3.897203e-09,1.250168e+04,equilibrium,0.889241,3.0970
200,10000,4,0.006106,0.0359,1.03067,1.386150e+00,8153.40,2.713837e+07,6161.94,1.874037e+26,2.408679e+26,5.354702e-45,5.700169e-05,4.137210e-09,1.377781e+04,equilibrium,0.885667,3.1392
200,10000,4,0.008194,0.0489,1.04178,1.341836e+00,8083.02,2.598658e+07,6297.51,1.810836e+26,2.326664e+26,5.403411e-45,6.426156e-05,4.392574e-09,1.462959e+04,equilibrium,0.882083,3.1652
200,10000,4,0.010491,0.0635,1.05428,1.298938e+00,8014.43,2.488727e+07,6428.38,1.749787e+26,2.247427e+26,5.451853e-45,7.071925e-05,4.664283e-09,1.516187e+04,equilibrium,0.878492,3.1808
200,10000,4,0.012978,0.0796,1.06808,1.257412e+00,7947.53,2.383777e+07,6554.89,1.690815e+26,2.170878e+26,5.500041e-45,7.654199e-05,4.953390e-09,1.545245e+04,equilibrium,0.874898,3.1890
200,10000,4,0.015638,0.0972,1.08311,1.217214e+00,7882.23,2.283555e+07,6677.35,1.633846e+26,2.096929e+26,5.547986e-45,8.185981e-05,5.261020e-09,1.555968e+04,equilibrium,0.871303,3.1920
200,10000,4,0.018457,0.1162,1.09935,1.178301e+00,7818.47,2.187826e+07,6796.01,1.578810e+26,2.025493e+26,5.595699e-45,8.677497e-05,5.588370e-09,1.552778e+04,equilibrium,0.867709,3.1911
200,10000,4,0.021426,0.1366,1.11674,1.140632e+00,7756.15,2.096365e+07,6911.13,1.525639e+26,1.956487e+26,5.643191e-45,9.136890e-05,5.936717e-09,1.539048e+04,equilibrium,0.864118,3.1873
200,10000,4,0.024536,0.1582,1.13525,1.104167e+00,7695.22,2.008963e+07,7022.92,1.474269e+26,1.889832e+26,5.690469e-45,9.570706e-05,6.307422e-09,1.517372e+04,equilibrium,0.860532,3.1811
200,10000,4,0.027780,0.1812,1.15488,1.068867e+00,7635.60,1.925422e+07,7131.59,1.424637e+26,1.825448e+26,5.737543e-45,9.984266e-05,6.701938e-09,1.489758e+04,equilibrium,0.856953,3.1731
200,10000,4,0.031153,0.2054,1.17559,1.034697e+00,7577.24,1.845553e+07,7237.30,1.376682e+26,1.763259e+26,5.784421e-45,1.038193e-04,7.121811e-09,1.457766e+04,equilibrium,0.853383,3.1637
200,10000,4,0.034651,0.2309,1.19738,1.001618e+00,7520.08,1.769182e+07,7340.23,1.330346e+26,1.703191e+26,5.831109e-45,1.076732e-04,7.568694e-09,1.422612e+04,equilibrium,0.849822,3.1531
200,10000,4,0.038272,0.2577,1.22025,9.695975e-01,7464.07,1.696140e+07,7440.53,1.285573e+26,1.645173e+26,5.877614e-45,1.114344e-04,8.044346e-09,1.385252e+04,equilibrium,0.846273,3.1415
200,10000,4,0.042013,0.2857,1.24420,9.386004e-01,7409.15,1.626269e+07,7538.33,1.242308e+26,1.589136e+26,5.923942e-45,1.151285e-04,8.550647e-09,1.346431e+04,equilibrium,0.842735,3.1292
200,10000,4,0.045872,0.3150,1.26922,9.085942e-01,7355.28,1.559422e+07,7633.76,1.200500e+26,1.535012e+26,5.970098e-45,1.187771e-04,9.089599e-09,1.306736e+04,equilibrium,0.839211,3.1162
200,10000,4,0.049849,0.3455,1.29533,8.795472e-01,7302.41,1.495455e+07,7726.93,1.160098e+26,1.482737e+26,6.016086e-45,1.223987e-04,9.663340e-09,1.266630e+04,equilibrium,0.835701,3.1026
200,10000,4,0.053943,0.3773,1.32252,8.514289e-01,7250.51,1.434235e+07,7817.96,1.121054e+26,1.432248e+26,6.061910e-45,1.260095e-04,1.027415e-08,1.226471e+04,equilibrium,0.832206,3.0887
200,10000,4,0.058155,0.4105,1.35083,8.242095e-01,7199.53,1.375636e+07,7906.94,1.083321e+26,1.383484e+26,6.107575e-45,1.296234e-04,1.092446e-08,1.186543e+04,equilibrium,0.828726,3.0743
200,10000,4,0.062484,0.4449,1.38025,7.978602e-01,7149.45,1.319536e+07,7993.96,1.046855e+26,1.336386e+26,6.153082e-45,1.332528e-04,1.161686e-08,1.147063e+04,equilibrium,0.825263,3.0596
200,10000,4,0.066933,0.4806,1.41080,7.723533e-01,7100.22,1.265822e+07,8079.10,1.011612e+26,1.290897e+26,6.198436e-45,1.369087e-04,1.235413e-08,1.108202e+04,equilibrium,0.821817,3.0446
200,10000,4,0.071501,0.5177,1.44251,7.476619e-01,7051.82,1.214386e+07,8162.46,9.775501e+25,1.246963e+26,6.243637e-45,1.406010e-04,1.313922e-08,1.070086e+04,equilibrium,0.818388,3.0294
200,10000,4,0.076191,0.5562,1.47539,7.237598e-01,7004.20,1.165123e+07,8244.10,9.446292e+25,1.204531e+26,6.288687e-45,1.443386e-04,1.397529e-08,1.032813e+04,equilibrium,0.814977,3.0140
200,10000,4,0.081004,0.5961,1.50947,7.006219e-01,6957.36,1.117938e+07,8324.10,9.128106e+25,1.163548e+26,6.333589e-45,1.481297e-04,1.486569e-08,9.964533e+03,equilibrium,0.811584,2.9985
200,10000,4,0.085942,0.6374,1.54477,6.782236e-01,6911.25,1.072736e+07,8402.51,8.820568e+25,1.123966e+26,6.378342e-45,1.519817e-04,1.581402e-08,9.610562e+03,equilibrium,0.808210,2.9827
200,10000,4,0.091007,0.6801,1.58131,6.565414e-01,6865.86,1.029429e+07,8479.40,8.523316e+25,1.085737e+26,6.422948e-45,1.559016e-04,1.682413e-08,9.266551e+03,equilibrium,0.804854,2.9669
200,10000,4,0.096202,0.7244,1.61913,6.355524e-01,6821.15,9.879337e+06,8554.83,8.236002e+25,1.048813e+26,6.467407e-45,1.598961e-04,1.790009e-08,8.932697e+03,equilibrium,0.801518,2.9510
200,10000,4,0.101530,0.7701,1.65826,6.152343e-01,6777.12,9.481695e+06,8628.85,7.958291e+25,1.013151e+26,6.511719e-45,1.639713e-04,1.904629e-08,8.609093e+03,equilibrium,0.798202,2.9350
200,10000,4,0.106993,0.8175,1.69872,5.955658e-01,6733.73,9.100604e+06,8701.51,7.689858e+25,9.787069e+25,6.555883e-45,1.681331e-04,2.026739e-08,8.295743e+03,equilibrium,0.794905,2.9189
200,10000,4,0.112594,0.8664,1.74054,5.765261e-01,6690.96,8.735338e+06,8772.86,7.430391e+25,9.454393e+25,6.599899e-45,1.723871e-04,2.156837e-08,7.992588e+03,equilibrium,0.791628,2.9027
200,10000,4,0.118336,0.9170,1.78377,5.580951e-01,6648.80,8.385208e+06,8842.95,7.179587e+25,9.133077e+25,6.643767e-45,1.767389e-04,2.295456e-08,7.699512e+03,equilibrium,0.788371,2.8865
200,10000,4,0.124224,0.9692,1.82844,5.402533e-01,6607.23,8.049555e+06,8911.81,6.937155e+25,8.822732e+25,6.687485e-45,1.811938e-04,2.443164e-08,7.416359e+03,equilibrium,0.785133,2.8702
200,10000,4,0.130259,1.0232,1.87459,5.229819e-01,6566.23,7.727752e+06,8979.49,6.702815e+25,8.522982e+25,6.731052e-45,1.857570e-04,2.600568e-08,7.142940e+03,equilibrium,0.781917,2.8539
200,10000,4,0.136447,1.0790,1.92226,5.062626e-01,6525.78,7.419201e+06,9046.03,6.476294e+25,8.233462e+25,6.774467e-45,1.904337e-04,2.768317e-08,6.879043e+03,equilibrium,0.778720,2.8375
200,10000,4,0.142790,1.1366,1.97148,4.900779e-01,6485.87,7.123331e+06,9111.46,6.257332e+25,7.953822e+25,6.817727e-45,1.952290e-04,2.947103e-08,6.624437e+03,equilibrium,0.775543,2.8211
200,10000,4,0.149293,1.1961,2.02230,4.744105e-01,6446.48,6.839599e+06,9175.82,6.045674e+25,7.683724e+25,6.860830e-45,2.001479e-04,3.137667e-08,6.378876e+03,equilibrium,0.772387,2.8047
200,10000,4,0.155960,1.2574,2.07477,4.592440e-01,6407.61,6.567485e+06,9239.14,5.841077e+25,7.422839e+25,6.903775e-45,2.051955e-04,3.340799e-08,6.142108e+03,equilibrium,0.769252,2.7883
200,10000,4,0.162795,1.3208,2.12893,4.445624e-01,6369.23,6.306493e+06,9301.46,5.643306e+25,7.170852e+25,6.946560e-45,2.103768e-04,3.557344e-08,5.913874e+03,equilibrium,0.766136,2.7719
200,10000,4,0.169804,1.3862,2.18483,4.303502e-01,6331.34,6.056152e+06,9362.79,5.452131e+25,6.927458e+25,6.989181e-45,2.156971e-04,3.788205e-08,5.693912e+03,equilibrium,0.763041,2.7554
200,10000,4,0.176989,1.4537,2.24252,4.165923e-01,6293.91,5.816009e+06,9423.18,5.267335e+25,6.692362e+25,7.031636e-45,2.211613e-04,4.034347e-08,5.481960e+03,equilibrium,0.759966,2.7389
200,10000,4,0.184358,1.5234,2.30205,4.032742e-01,6256.95,5.585633e+06,9482.64,5.088703e+25,6.465279e+25,7.073923e-45,2.267748e-04,4.296802e-08,5.277758e+03,equilibrium,0.756911,2.7224
200,10000,4,0.191913,1.5952,2.36348,3.903819e-01,6220.43,5.364613e+06,9541.21,4.916031e+25,6.245935e+25,7.116037e-45,2.325428e-04,4.576671e-08,5.081046e+03,equilibrium,0.753877,2.7060
200,10000,4,0.199661,1.6694,2.42686,3.779017e-01,6184.35,5.152553e+06,9598.91,4.749121e+25,6.034064e+25,7.157977e-45,2.384706e-04,4.875133e-08,4.891571e+03,equilibrium,0.750863,2.6894
200,10000,4,0.207608,1.7459,2.49225,3.658205e-01,6148.70,4.949080e+06,9655.75,4.587782e+25,5.829411e+25,7.199740e-45,2.445637e-04,5.193448e-08,4.709082e+03,equilibrium,0.747868,2.6729
200,10000,4,0.215757,1.8248,2.55970,3.541256e-01,6113.47,4.753832e+06,9711.78,4.431828e+25,5.631728e+25,7.241321e-45,2.508277e-04,5.532962e-08,4.533335e+03,equilibrium,0.744894,2.6564
200,10000,4,0.224116,1.9062,2.62928,3.428045e-01,6078.64,4.566466e+06,9767.00,4.281081e+25,5.440776e+25,7.282717e-45,2.572682e-04,5.895116e-08,4.364091e+03,equilibrium,0.741939,2.6399
200,10000,4,0.232690,1.9902,2.70106,3.318453e-01,6044.22,4.386654e+06,9821.43,4.135368e+25,5.256325e+25,7.323925e-45,2.638910e-04,6.281449e-08,4.201117e+03,equilibrium,0.739004,2.6234
200,10000,4,0.241486,2.0768,2.77510,3.212365e-01,6010.18,4.214081e+06,9875.11,3.994522e+25,5.078151e+25,7.364941e-45,2.707021e-04,6.693607e-08,4.044188e+03,equilibrium,0.736089,2.6068
200,10000,4,0.250509,2.1661,2.85146,3.109669e-01,5976.53,4.048448e+06,9928.04,3.858383e+25,4.906041e+25,7.405762e-45,2.777075e-04,7.133353e-08,3.893085e+03,equilibrium,0.733193,2.5903
200,10000,4,0.259766,2.2583,2.93022,3.010256e-01,5943.26,3.889466e+06,9980.25,3.726794e+25,4.739787e+25,7.446384e-45,2.849134e-04,7.602569e-08,3.747594e+03,equilibrium,0.730317,2.5738
200,10000,4,0.269264,2.3533,3.01145,2.914020e-01,5910.35,3.736861e+06,10031.75,3.599605e+25,4.579188e+25,7.486802e-45,2.923262e-04,8.103271e-08,3.607509e+03,equilibrium,0.727460,2.5572
200,10000,4,0.279010,2.4513,3.09523,2.820862e-01,5877.80,3.590369e+06,10082.55,3.476670e+25,4.424051e+25,7.527014e-45,2.999525e-04,8.637612e-08,3.472632e+03,equilibrium,0.724622,2.5407
200,10000,4,0.289011,2.5524,3.18163,2.730681e-01,5845.61,3.449739e+06,10132.69,3.357849e+25,4.274189e+25,7.567015e-45,3.077989e-04,9.207899e-08,3.342770e+03,equilibrium,0.721803,2.5241
200,10000,4,0.299274,2.6567,3.27073,2.643384e-01,5813.76,3.314730e+06,10182.17,3.243006e+25,4.129421e+25,7.606801e-45,3.158724e-04,9.816598e-08,3.217738e+03,equilibrium,0.719003,2.5076
200,10000,4,0.309807,2.7642,3.36262,2.558877e-01,5782.25,3.185110e+06,10231.00,3.132009e+25,3.989574e+25,7.646369e-45,3.241800e-04,1.046635e-07,3.097355e+03,equilibrium,0.716222,2.4910
200,10000,4,0.320618,2.8750,3.45738,2.477072e-01,5751.08,3.060660e+06,10279.21,3.024732e+25,3.854480e+25,7.685713e-45,3.327290e-04,1.115997e-07,2.981450e+03,equilibrium,0.713459,2.4744
200,10000,4,0.331714,2.9894,3.55510,2.397883e-01,5720.24,2.941167e+06,10326.80,2.921051e+25,3.723975e+25,7.724831e-45,3.415269e-04,1.190050e-07,2.869855e+03,equilibrium,0.710715,2.4579
200,10000,4,0.343105,3.1073,3.65587,2.321224e-01,5689.72,2.826430e+06,10373.79,2.820848e+25,3.597904e+25,7.763718e-45,3.505815e-04,1.269115e-07,2.762409e+03,equilibrium,0.707989,2.4413
200,10000,4,0.354799,3.2288,3.75979,2.247017e-01,5659.51,2.716254e+06,10420.19,2.724008e+25,3.476115e+25,7.802370e-45,3.599006e-04,1.353539e-07,2.658959e+03,equilibrium,0.705282,2.4247
200,10000,4,0.366804,3.3542,3.86694,2.175182e-01,5629.62,2.610453e+06,10466.02,2.630421e+25,3.358461e+25,7.840784e-45,3.694924e-04,1.443694e-07,2.559355e+03,equilibrium,0.702592,2.4081
200,10000,4,0.379130,3.4835,3.97745,2.105643e-01,5600.04,2.508851e+06,10511.29,2.539978e+25,3.244802e+25,7.878954e-45,3.793653e-04,1.539974e-07,2.463453e+03,equilibrium,0.699920,2.3915
200,10000,4,0.391786,3.6168,4.09140,2.038328e-01,5570.76,2.411276e+06,10556.01,2.452576e+25,3.135001e+25,7.916878e-45,3.895280e-04,1.642805e-07,2.371116e+03,equilibrium,0.697265,2.3750
200,10000,4,0.404783,3.7543,4.20890,1.973164e-01,5541.77,2.317564e+06,10600.19,2.368114e+25,3.028927e+25,7.954551e-45,3.999893e-04,1.752640e-07,2.282210e+03,equilibrium,0.694629,2.3584
200,10000,4,0.418129,3.8960,4.33007,1.910084e-01,5513.08,2.227561e+06,10643.84,2.286497e+25,2.926453e+25,7.991970e-45,4.107585e-04,1.869968e-07,2.196608e+03,equilibrium,0.692009,2.3418
200,10000,4,0.431835,4.0422,4.45501,1.849020e-01,5484.68,2.141115e+06,10686.97,2.207629e+25,2.827455e+25,8.029130e-45,4.218449e-04,1.995307e-07,2.114186e+03,equilibrium,0.689407,2.3251
200,10000,4,0.445912,4.1930,4.58386,1.789909e-01,5456.56,2.058083e+06,10729.59,2.131420e+25,2.731816e+25,8.066028e-45,4.332584e-04,2.129216e-07,2.034826e+03,equilibrium,0.686821,2.3085
200,10000,4,0.460371,4.3484,4.71672,1.732687e-01,5428.72,1.978327e+06,10771.72,2.057783e+25,2.639421e+25,8.102660e-45,4.450088e-04,2.272293e-07,1.958413e+03,equilibrium,0.684253,2.2919
200,10000,4,0.475223,4.5087,4.85372,1.677295e-01,5401.16,1.901716e+06,10813.37,1.986632e+25,2.550159e+25,8.139023e-45,4.571066e-04,2.425175e-07,1.884839e+03,equilibrium,0.681701,2.2753
200,10000,4,0.490480,4.6740,4.99500,1.623673e-01,5373.87,1.828123e+06,10854.53,1.917885e+25,2.463924e+25,8.175112e-45,4.695624e-04,2.588549e-07,1.813998e+03,equilibrium,0.679166,2.2586
200,10000,4,0.506153,4.8444,5.14069,1.571766e-01,5346.85,1.757426e+06,10895.23,1.851463e+25,2.380612e+25,8.210925e-45,4.823871e-04,2.763148e-07,1.745788e+03,equilibrium,0.676647,2.2420
200,10000,4,0.522255,5.0202,5.29091,1.521518e-01,5320.09,1.689510e+06,10935.47,1.787289e+25,2.300125e+25,8.246458e-45,4.955921e-04,2.949757e-07,1.680112e+03,equilibrium,0.674144,2.2253
200,10000,4,0.538800,5.2014,5.44583,1.472876e-01,5293.60,1.624262e+06,10975.26,1.725289e+25,2.222366e+25,8.281708e-45,5.091890e-04,3.149217e-07,1.616875e+03,equilibrium,0.671657,2.2087
200,10000,4,0.555799,5.3883,5.60558,1.425790e-01,5267.36,1.561577e+06,11014.60,1.665391e+25,2.147242e+25,8.316671e-45,5.231897e-04,3.362430e-07,1.555987e+03,equilibrium,0.669186,2.1920
200,10000,4,0.573266,5.5811,5.77032,1.380208e-01,5241.38,1.501351e+06,11053.52,1.607525e+25,2.074664e+25,8.351344e-45,5.376068e-04,3.590361e-07,1.497361e+03,equilibrium,0.666731,2.1753
200,10000,4,0.591216,5.7798,5.94020,1.336084e-01,5215.64,1.443486e+06,11092.00,1.551624e+25,2.004545e+25,8.385725e-45,5.524528e-04,3.834043e-07,1.440914e+03,equilibrium,0.664291,2.1586
200,10000,4,0.609663,5.9848,6.11539,1.293371e-01,5190.16,1.387887e+06,11130.07,1.497623e+25,1.936802e+25,8.419810e-45,5.677410e-04,4.094586e-07,1.386565e+03,equilibrium,0.661866,2.1419
200,10000,4,0.628621,6.1962,6.29605,1.252023e-01,5164.92,1.334466e+06,11167.73,1.445460e+25,1.871353e+25,8.453597e-45,5.834849e-04,4.373175e-07,1.334236e+03,equilibrium,0.659457,2.1252
200,10000,4,0.648106,6.4141,6.48235,1.211997e-01,5139.92,1.283134e+06,11204.99,1.395072e+25,1.808120e+25,8.487083e-45,5.996985e-04,4.671083e-07,1.283853e+03,equilibrium,0.657063,2.1085
200,10000,4,0.668133,6.6389,6.67447,1.173250e-01,5115.17,1.233808e+06,11241.84,1.346402e+25,1.747029e+25,8.520266e-45,6.163961e-04,4.989671e-07,1.235344e+03,equilibrium,0.654683,2.0918
200,10000,4,0.688720,6.8707,6.87260,1.135743e-01,5090.64,1.186409e+06,11278.31,1.299392e+25,1.688007e+25,8.553142e-45,6.335926e-04,5.330401e-07,1.188640e+03,equilibrium,0.652318,2.0751
200,10000,4,0.709019,7.1000,7.06858,1.100916e-01,5067.35,1.142719e+06,11312.93,1.255833e+25,1.633305e+25,8.584371e-45,6.517822e-04,5.679270e-07,1.147651e+03,equilibrium,0.650063,2.0598
200,10000,7,0.000057,0.0003,1.00013,1.630662e+00,8535.79,3.379091e+07,5397.90,2.225153e+26,2.863755e+26,5.106673e-45,4.490912e-06,3.073026e-09,1.461397e+03,equilibrium,0.903373,2.1648
200,10000,7,0.000987,0.0054,1.00231,1.578531e+00,8454.86,3.233013e+07,5564.02,2.149964e+26,2.766411e+26,5.156926e-45,2.862465e-05,3.260328e-09,8.779685e+03,equilibrium,0.899873,2.9435
200,10000,7,0.002794,0.0156,1.00668,1.528067e+00,8376.28,3.093804e+07,5722.86,2.077345e+26,2.672332e+26,5.206840e-45,5.560551e-05,3.459605e-09,1.607279e+04,equilibrium,0.896348,3.2061
200,10000,7,0.005333,0.0303,1.01298,1.479216e+00,8299.92,2.961097e+07,5875.08,2.007209e+26,2.581417e+26,5.256431e-45,7.813947e-05,3.671625e-09,2.128199e+04,equilibrium,0.892803,3.3280
200,10000,7,0.008493,0.0491,1.02102,1.431927e+00,8225.67,2.834549e+07,6021.27,1.939467e+26,2.493565e+26,5.305713e-45,9.728610e-05,3.897203e-09,2.496306e+04,equilibrium,0.889241,3.3973
200,10000,7,0.012192,0.0716,1.03067,1.386150e+00,8153.40,2.713837e+07,6161.94,1.874037e+26,2.408679e+26,5.354702e-45,1.138196e-04,4.137210e-09,2.751120e+04,equilibrium,0.885667,3.4395
200,10000,7,0.016361,0.0976,1.04178,1.341836e+00,8083.02,2.598658e+07,6297.51,1.810836e+26,2.326664e+26,5.403411e-45,1.283160e-04,4.392574e-09,2.921202e+04,equilibrium,0.882083,3.4656
200,10000,7,0.020949,0.1268,1.05428,1.298938e+00,8014.43,2.488727e+07,6428.38,1.749787e+26,2.247427e+26,5.451853e-45,1.412105e-04,4.664283e-09,3.027486e+04,equilibrium,0.878492,3.4811
200,10000,7,0.025915,0.1590,1.06808,1.257412e+00,7947.53,2.383777e+07,6554.89,1.690815e+26,2.170878e+26,5.500041e-45,1.528372e-04,4.953390e-09,3.085508e+04,equilibrium,0.874898,3.4893
200,10000,7,0.031226,0.1942,1.08311,1.217214e+00,7882.23,2.283555e+07,6677.35,1.633846e+26,2.096929e+26,5.547986e-45,1.634557e-04,5.261020e-09,3.106920e+04,equilibrium,0.871303,3.4923
200,10000,7,0.036855,0.2321,1.09935,1.178301e+00,7818.47,2.187826e+07,6796.01,1.578810e+26,2.025493e+26,5.595699e-45,1.732702e-04,5.588370e-09,3.100550e+04,equilibrium,0.867709,3.4914
200,10000,7,0.042783,0.2727,1.11674,1.140632e+00,7756.15,2.096365e+07,6911.13,1.525639e+26,1.956487e+26,5.643191e-45,1.824433e-04,5.936717e-09,3.073134e+04,equilibrium,0.864118,3.4876
200,10000,7,0.048992,0.3160,1.13525,1.104167e+00,7695.22,2.008963e+07,7022.92,1.474269e+26,1.889832e+26,5.690469e-45,1.911056e-04,6.307422e-09,3.029852e+04,equilibrium,0.860532,3.4814
200,10000,7,0.055470,0.3618,1.15488,1.068867e+00,7635.60,1.925422e+07,7131.59,1.424637e+26,1.825448e+26,5.737543e-45,1.993634e-04,6.701938e-09,2.974713e+04,equilibrium,0.856953,3.4734
200,10000,7,0.062206,0.4102,1.17559,1.034697e+00,7577.24,1.845553e+07,7237.30,1.376682e+26,1.763259e+26,5.784421e-45,2.073039e-04,7.121811e-09,2.910832e+04,equilibrium,0.853383,3.4640
200,10000,7,0.069191,0.4611,1.19738,1.001618e+00,7520.08,1.769182e+07,7340.23,1.330346e+26,1.703191e+26,5.831109e-45,2.149992e-04,7.568694e-09,2.840639e+04,equilibrium,0.849822,3.4534
200,10000,7,0.076421,0.5145,1.22025,9.695975e-01,7464.07,1.696140e+07,7440.53,1.285573e+26,1.645173e+26,5.877614e-45,2.225096e-04,8.044346e-09,2.766037e+04,equilibrium,0.846273,3.4419
200,10000,7,0.083890,0.5705,1.24420,9.386004e-01,7409.15,1.626269e+07,7538.33,1.242308e+26,1.589136e+26,5.923942e-45,2.298859e-04,8.550647e-09,2.688520e+04,equilibrium,0.842735,3.4295
200,10000,7,0.091596,0.6289,1.26922,9.085942e-01,7355.28,1.559422e+07,7633.76,1.200500e+26,1.535012e+26,5.970098e-45,2.371713e-04,9.089599e-09,2.609260e+04,equilibrium,0.839211,3.4165
200,10000,7,0.099537,0.6899,1.29533,8.795472e-01,7302.41,1.495455e+07,7726.93,1.160098e+26,1.482737e+26,6.016086e-45,2.444029e-04,9.663340e-09,2.529176e+04,equilibrium,0.835701,3.4030
200,10000,7,0.107712,0.7535,1.32252,8.514289e-01,7250.51,1.434235e+07,7817.96,1.121054e+26,1.432248e+26,6.061910e-45,2.516127e-04,1.027415e-08,2.448988e+04,equilibrium,0.832206,3.3890
200,10000,7,0.116122,0.8196,1.35083,8.242095e-01,7199.53,1.375636e+07,7906.94,1.083321e+26,1.383484e+26,6.107575e-45,2.588288e-04,1.092446e-08,2.369260e+04,equilibrium,0.828726,3.3746
200,10000,7,0.124767,0.8883,1.38025,7.978602e-01,7149.45,1.319536e+07,7993.96,1.046855e+26,1.336386e+26,6.153082e-45,2.660760e-04,1.161686e-08,2.290429e+04,equilibrium,0.825263,3.3599
200,10000,7,0.133649,0.9597,1.41080,7.723533e-01,7100.22,1.265822e+07,8079.10,1.011612e+26,1.290897e+26,6.198436e-45,2.733761e-04,1.235413e-08,2.212831e+04,equilibrium,0.821817,3.3449
200,10000,7,0.142771,1.0338,1.44251,7.476619e-01,7051.82,1.214386e+07,8162.46,9.775501e+25,1.246963e+26,6.243637e-45,2.807488e-04,1.313922e-08,2.136723e+04,equilibrium,0.818388,3.3297
200,10000,7,0.152136,1.1106,1.47539,7.237598e-01,7004.20,1.165123e+07,8244.10,9.446292e+25,1.204531e+26,6.288687e-45,2.882119e-04,1.397529e-08,2.062297e+04,equilibrium,0.814977,3.3144
200,10000,7,0.161746,1.1902,1.50947,7.006219e-01,6957.36,1.117938e+07,8324.10,9.128106e+25,1.163548e+26,6.333589e-45,2.957818e-04,1.486569e-08,1.989694e+04,equilibrium,0.811584,3.2988
200,10000,7,0.171606,1.2727,1.54477,6.782236e-01,6911.25,1.072736e+07,8402.51,8.820568e+25,1.123966e+26,6.378342e-45,3.034734e-04,1.581402e-08,1.919014e+04,equilibrium,0.808210,3.2831
200,10000,7,0.181721,1.3580,1.58131,6.565414e-01,6865.86,1.029429e+07,8479.40,8.523316e+25,1.085737e+26,6.422948e-45,3.113007e-04,1.682413e-08,1.850323e+04,equilibrium,0.804854,3.2672
200,10000,7,0.192095,1.4464,1.61913,6.355524e-01,6821.15,9.879337e+06,8554.83,8.236002e+25,1.048813e+26,6.467407e-45,3.192768e-04,1.790009e-08,1.783660e+04,equilibrium,0.801518,3.2513
200,10000,7,0.202733,1.5378,1.65826,6.152343e-01,6777.12,9.481695e+06,8628.85,7.958291e+25,1.013151e+26,6.511719e-45,3.274140e-04,1.904629e-08,1.719043e+04,equilibrium,0.798202,3.2353
200,10000,7,0.213641,1.6323,1.69872,5.955658e-01,6733.73,9.100604e+06,8701.51,7.689858e+25,9.787069e+25,6.555883e-45,3.357241e-04,2.026739e-08,1.656474e+04,equilibrium,0.794905,3.2192
200,10000,7,0.224825,1.7300,1.74054,5.765261e-01,6690.96,8.735338e+06,8772.86,7.430391e+25,9.454393e+25,6.599899e-45,3.442185e-04,2.156837e-08,1.595941e+04,equilibrium,0.791628,3.2030
200,10000,7,0.236291,1.8310,1.78377,5.580951e-01,6648.80,8.385208e+06,8842.95,7.179587e+25,9.133077e+25,6.643767e-45,3.529081e-04,2.295456e-08,1.537420e+04,equilibrium,0.788371,3.1868
200,10000,7,0.248047,1.9354,1.82844,5.402533e-01,6607.23,8.049555e+06,8911.81,6.937155e+25,8.822732e+25,6.687485e-45,3.618035e-04,2.443164e-08,1.480881e+04,equilibrium,0.785133,3.1705
200,10000,7,0.260098,2.0432,1.87459,5.229819e-01,6566.23,7.727752e+06,8979.49,6.702815e+25,8.522982e+25,6.731052e-45,3.709152e-04,2.600568e-08,1.426285e+04,equilibrium,0.781917,3.1542
200,10000,7,0.272453,2.1545,1.92226,5.062626e-01,6525.78,7.419201e+06,9046.03,6.476294e+25,8.233462e+25,6.774467e-45,3.802535e-04,2.768317e-08,1.373591e+04,equilibrium,0.778720,3.1379
200,10000,7,0.285119,2.2695,1.97148,4.900779e-01,6485.87,7.123331e+06,9111.46,6.257332e+25,7.953822e+25,6.817727e-45,3.898286e-04,2.947103e-08,1.322752e+04,equilibrium,0.775543,3.1215
200,10000,7,0.298104,2.3882,2.02230,4.744105e-01,6446.48,6.839599e+06,9175.82,6.045674e+25,7.683724e+25,6.860830e-45,3.996505e-04,3.137667e-08,1.273719e+04,equilibrium,0.772387,3.1051
200,10000,7,0.311417,2.5108,2.07477,4.592440e-01,6407.61,6.567485e+06,9239.14,5.841077e+25,7.422839e+25,6.903775e-45,4.097295e-04,3.340799e-08,1.226442e+04,equilibrium,0.769252,3.0886
200,10000,7,0.325066,2.6373,2.12893,4.445624e-01,6369.23,6.306493e+06,9301.46,5.643306e+25,7.170852e+25,6.946560e-45,4.200755e-04,3.557344e-08,1.180868e+04,equilibrium,0.766136,3.0722
200,10000,7,0.339060,2.7679,2.18483,4.303502e-01,6331.34,6.056152e+06,9362.79,5.452131e+25,6.927458e+25,6.989181e-45,4.306988e-04,3.788205e-08,1.136947e+04,equilibrium,0.763041,3.0557
200,10000,7,0.353408,2.9027,2.24252,4.165923e-01,6293.91,5.816009e+06,9423.18,5.267335e+25,6.692362e+25,7.031636e-45,4.416097e-04,4.034347e-08,1.094625e+04,equilibrium,0.759966,3.0393
200,10000,7,0.368121,3.0418,2.30205,4.032742e-01,6256.95,5.585633e+06,9482.64,5.088703e+25,6.465279e+25,7.073923e-45,4.528185e-04,4.296802e-08,1.053850e+04,equilibrium,0.756911,3.0228
200,10000,7,0.383208,3.1853,2.36348,3.903819e-01,6220.43,5.364613e+06,9541.21,4.916031e+25,6.245935e+25,7.116037e-45,4.643359e-04,4.576671e-08,1.014571e+04,equilibrium,0.753877,3.0063
200,10000,7,0.398679,3.3334,2.42686,3.779017e-01,6184.35,5.152553e+06,9598.91,4.749121e+25,6.034064e+25,7.157977e-45,4.761724e-04,4.875133e-08,9.767372e+03,equilibrium,0.750863,2.9898
200,10000,7,0.414546,3.4861,2.49225,3.658205e-01,6148.70,4.949080e+06,9655.75,4.587782e+25,5.829411e+25,7.199740e-45,4.883390e-04,5.193448e-08,9.402983e+03,equilibrium,0.747868,2.9733
200,10000,7,0.430819,3.6437,2.55970,3.541256e-01,6113.47,4.753832e+06,9711.78,4.431828e+25,5.631728e+25,7.241321e-45,5.008468e-04,5.532962e-08,9.052055e+03,equilibrium,0.744894,2.9567
200,10000,7,0.447510,3.8063,2.62928,3.428045e-01,6078.64,4.566466e+06,9767.00,4.281081e+25,5.440776e+25,7.282717e-45,5.137070e-04,5.895116e-08,8.714113e+03,equilibrium,0.741939,2.9402
200,10000,7,0.464631,3.9739,2.70106,3.318453e-01,6044.22,4.386654e+06,9821.43,4.135368e+25,5.256325e+25,7.323925e-45,5.269313e-04,6.281449e-08,8.388691e+03,equilibrium,0.739004,2.9237
200,10000,7,0.482193,4.1469,2.77510,3.212365e-01,6010.18,4.214081e+06,9875.11,3.994522e+25,5.078151e+25,7.364941e-45,5.405315e-04,6.693607e-08,8.075339e+03,equilibrium,0.736089,2.9072
200,10000,7,0.500210,4.3253,2.85146,3.109669e-01,5976.53,4.048448e+06,9928.04,3.858383e+25,4.906041e+25,7.405762e-45,5.545197e-04,7.133353e-08,7.773619e+03,equilibrium,0.733193,2.8906
200,10000,7,0.518695,4.5093,2.93022,3.010256e-01,5943.26,3.889466e+06,9980.25,3.726794e+25,4.739787e+25,7.446384e-45,5.689083e-04,7.602569e-08,7.483106e+03,equilibrium,0.730317,2.8741
200,10000,7,0.537660,4.6991,3.01145,2.914020e-01,5910.35,3.736861e+06,10031.75,3.599605e+25,4.579188e+25,7.486802e-45,5.837101e-04,8.103271e-08,7.203388e+03,equilibrium,0.727460,2.8575
200,10000,7,0.557121,4.8948,3.09523,2.820862e-01,5877.80,3.590369e+06,10082.55,3.476670e+25,4.424051e+25,7.527014e-45,5.989380e-04,8.637612e-08,6.934069e+03,equilibrium,0.724622,2.8410
200,10000,7,0.577090,5.0966,3.18163,2.730681e-01,5845.61,3.449739e+06,10132.69,3.357849e+25,4.274189e+25,7.567015e-45,6.146055e-04,9.207899e-08,6.674764e+03,equilibrium,0.721803,2.8244
200,10000,7,0.597583,5.3048,3.27073,2.643384e-01,5813.76,3.314730e+06,10182.17,3.243006e+25,4.129421e+25,7.606801e-45,6.307264e-04,9.816598e-08,6.425102e+03,equilibrium,0.719003,2.8079
200,10000,7,0.618615,5.5194,3.36262,2.558877e-01,5782.25,3.185110e+06,10231.00,3.132009e+25,3.989574e+25,7.646369e-45,6.473148e-04,1.046635e-07,6.184725e+03,equilibrium,0.716222,2.7913
200,10000,7,0.640202,5.7408,3.45738,2.477072e-01,5751.08,3.060660e+06,10279.21,3.024732e+25,3.854480e+25,7.685713e-45,6.643853e-04,1.115997e-07,5.953288e+03,equilibrium,0.713459,2.7748
200,10000,7,0.662359,5.9691,3.55510,2.397883e-01,5720.24,2.941167e+06,10326.80,2.921051e+25,3.723975e+25,7.724831e-45,6.819529e-04,1.190050e-07,5.730457e+03,equilibrium,0.710715,2.7582
200,10000,7,0.685104,6.2045,3.65587,2.321224e-01,5689.72,2.826430e+06,10373.79,2.820848e+25,3.597904e+25,7.763718e-45,7.000328e-04,1.269115e-07,5.515913e+03,equilibrium,0.707989,2.7416
200,10000,7,0.708454,6.4473,3.75979,2.247017e-01,5659.51,2.716254e+06,10420.19,2.724008e+25,3.476115e+25,7.802370e-45,7.186410e-04,1.353539e-07,5.309346e+03,equilibrium,0.705282,2.7250
200,10000,7,0.732426,6.6976,3.86694,2.175182e-01,5629.62,2.610453e+06,10466.02,2.630421e+25,3.358461e+25,7.840784e-45,7.377937e-04,1.443694e-07,5.110459e+03,equilibrium,0.702592,2.7085
200,10000,7,0.757038,6.9558,3.97745,2.105643e-01,5600.04,2.508851e+06,10511.29,2.539978e+25,3.244802e+25,7.878954e-45,7.575077e-04,1.539974e-07,4.918965e+03,equilibrium,0.699920,2.6919
200,10000,7,0.770745,7.1000,4.03919,2.069168e-01,5584.17,2.455979e+06,10535.52,2.492545e+25,3.185235e+25,7.899442e-45,7.843981e-04,1.594480e-07,4.919461e+03,equilibrium,0.698473,2.6919
400,10000,2,0.000045,0.0002,1.00045,7.973300e-01,8299.46,1.651668e+07,5518.82,1.129781e+26,1.439373e+26,5.295452e-45,2.189030e-06,1.161259e-08,1.885049e+02,equilibrium,0.943957,1.2753
400,10000,2,0.000319,0.0018,1.00330,7.718401e-01,8210.57,1.578676e+07,5684.93,1.091782e+26,1.390813e+26,5.353651e-45,8.443594e-06,1.230113e-08,6.864078e+02,equilibrium,0.940830,1.8366
400,10000,2,0.000791,0.0045,1.00833,7.471651e-01,8125.14,1.509329e+07,5843.36,1.055079e+26,1.343834e+26,5.411110e-45,1.452631e-05,1.303416e-08,1.114480e+03,equilibrium,0.937630,2.0471
400,10000,2,0.001428,0.0083,1.01531,7.232789e-01,8042.95,1.443412e+07,5994.85,1.019628e+26,1.298394e+26,5.467864e-45,1.960930e-05,1.381447e-08,1.419476e+03,equilibrium,0.934364,2.1521
400,10000,2,0.002206,0.0130,1.02404,7.001563e-01,7963.81,1.380723e+07,6140.05,9.853866e+25,1.254450e+26,5.523946e-45,2.393126e-05,1.464504e-08,1.634086e+03,equilibrium,0.931042,2.2133
400,10000,2,0.003105,0.0186,1.03436,6.777729e-01,7887.51,1.321075e+07,6279.50,9.523145e+25,1.211958e+26,5.579395e-45,2.766669e-05,1.552905e-08,1.781609e+03,equilibrium,0.927671,2.2508
400,10000,2,0.004110,0.0250,1.04617,6.561051e-01,7813.86,1.264292e+07,6413.67,9.203710e+25,1.170878e+26,5.634247e-45,3.094549e-05,1.646985e-08,1.878918e+03,equilibrium,0.924257,2.2739
400,10000,2,0.005211,0.0321,1.05936,6.351300e-01,7742.69,1.210211e+07,6543.00,8.895166e+25,1.131166e+26,5.688541e-45,3.386588e-05,1.747104e-08,1.938401e+03,equilibrium,0.920808,2.2874
400,10000,2,0.006397,0.0399,1.07385,6.148255e-01,7673.82,1.158680e+07,6667.85,8.597134e+25,1.092782e+26,5.742311e-45,3.650319e-05,1.853643e-08,1.969267e+03,equilibrium,0.917328,2.2943
400,10000,2,0.007661,0.0484,1.08959,5.951701e-01,7607.11,1.109557e+07,6788.55,8.309242e+25,1.055684e+26,5.795593e-45,3.891598e-05,1.967010e-08,1.978433e+03,equilibrium,0.913824,2.2963
400,10000,2,0.008998,0.0576,1.10653,5.761430e-01,7542.42,1.062711e+07,6905.40,8.031134e+25,1.019834e+26,5.848418e-45,4.115032e-05,2.087638e-08,1.971142e+03,equilibrium,0.910301,2.2947
400,10000,2,0.010403,0.0674,1.12463,5.577243e-01,7479.61,1.018018e+07,7018.65,7.762466e+25,9.851909e+25,5.900817e-45,4.324285e-05,2.215990e-08,1.951401e+03,equilibrium,0.906762,2.2903
400,10000,2,0.011873,0.0777,1.14386,5.398943e-01,7418.58,9.753632e+06,7128.55,7.502903e+25,9.517169e+25,5.952818e-45,4.522303e-05,2.352558e-08,1.922292e+03,equilibrium,0.903211,2.2838
400,10000,2,0.013403,0.0887,1.16420,5.226344e-01,7359.20,9.346401e+06,7235.30,7.252125e+25,9.193744e+25,6.004449e-45,4.711477e-05,2.497866e-08,1.886201e+03,equilibrium,0.899653,2.2756
400,10000,2,0.014993,0.1003,1.18564,5.059262e-01,7301.37,8.957480e+06,7339.10,7.009823e+25,8.881267e+25,6.055732e-45,4.893767e-05,2.652475e-08,1.844981e+03,equilibrium,0.896090,2.2660
400,10000,2,0.016641,0.1125,1.20816,4.897522e-01,7245.01,8.585932e+06,7440.12,6.775699e+25,8.579381e+25,6.106691e-45,5.070797e-05,2.816982e-08,1.800082e+03,equilibrium,0.892525,2.2553
400,10000,2,0.018345,0.1253,1.23177,4.740953e-01,7190.03,8.230876e+06,7538.51,6.549467e+25,8.287738e+25,6.157345e-45,5.243920e-05,2.992020e-08,1.752635e+03,equilibrium,0.888961,2.2437
400,10000,2,0.020104,0.1386,1.25647,4.589389e-01,7136.35,7.891486e+06,7634.43,6.330849e+25,8.006000e+25,6.207715e-45,5.414278e-05,3.178270e-08,1.703530e+03,equilibrium,0.885399,2.2313
400,10000,2,0.021918,0.1525,1.28225,4.442670e-01,7083.89,7.566987e+06,7727.99,6.119581e+25,7.733837e+25,6.257816e-45,5.582841e-05,3.376451e-08,1.653464e+03,equilibrium,0.881842,2.2184
400,10000,2,0.023786,0.1671,1.30912,4.300642e-01,7032.60,7.256649e+06,7819.33,5.915406e+25,7.470931e+25,6.307666e-45,5.750441e-05,3.587336e-08,1.602984e+03,equilibrium,0.878292,2.2049
400,10000,2,0.025709,0.1822,1.33710,4.163154e-01,6982.40,6.959786e+06,7908.55,5.718078e+25,7.216973e+25,6.357277e-45,5.917798e-05,3.811744e-08,1.552517e+03,equilibrium,0.874751,2.1910
400,10000,2,0.027686,0.1979,1.36619,4.030062e-01,6933.25,6.675751e+06,7995.76,5.527360e+25,6.971660e+25,6.406663e-45,6.085542e-05,4.050551e-08,1.502398e+03,equilibrium,0.871219,2.1768
400,10000,2,0.029718,0.2142,1.39641,3.901225e-01,6885.10,6.403933e+06,8081.05,5.343024e+25,6.734704e+25,6.455836e-45,6.254226e-05,4.304690e-08,1.452886e+03,equilibrium,0.867698,2.1622
400,10000,2,0.031806,0.2312,1.42778,3.776506e-01,6837.88,6.143756e+06,8164.50,5.164849e+25,6.505821e+25,6.504806e-45,6.424344e-05,4.575156e-08,1.404180e+03,equilibrium,0.864189,2.1474
400,10000,2,0.033949,0.2488,1.46032,3.655774e-01,6791.56,5.894675e+06,8246.20,4.992624e+25,6.284739e+25,6.553583e-45,6.596338e-05,4.863009e-08,1.356431e+03,equilibrium,0.860694,2.1324
400,10000,2,0.036149,0.2670,1.49405,3.538903e-01,6746.10,5.656176e+06,8326.23,4.826145e+25,6.071194e+25,6.602175e-45,6.770611e-05,5.169381e-08,1.309753e+03,equilibrium,0.857213,2.1172
400,10000,2,0.038406,0.2859,1.52899,3.425767e-01,6701.46,5.427771e+06,8404.65,4.665215e+25,5.864929e+25,6.650590e-45,6.947529e-05,5.495477e-08,1.264227e+03,equilibrium,0.853746,2.1018
400,10000,2,0.040722,0.3054,1.56517,3.316248e-01,6657.60,5.208998e+06,8481.54,4.509645e+25,5.665697e+25,6.698835e-45,7.127431e-05,5.842585e-08,1.219911e+03,equilibrium,0.850296,2.0863
400,10000,2,0.043097,0.3257,1.60261,3.210231e-01,6614.49,4.999420e+06,8556.94,4.359253e+25,5.473259e+25,6.746916e-45,7.310632e-05,6.212075e-08,1.176842e+03,equilibrium,0.846861,2.0707
400,10000,2,0.045533,0.3466,1.64134,3.107603e-01,6572.09,4.798622e+06,8630.92,4.213861e+25,5.287383e+25,6.794838e-45,7.497431e-05,6.605411e-08,1.135044e+03,equilibrium,0.843444,2.0550
400,10000,2,0.048031,0.3683,1.68140,3.008255e-01,6530.39,4.606209e+06,8703.53,4.073302e+25,5.107847e+25,6.842606e-45,7.688106e-05,7.024154e-08,1.094524e+03,equilibrium,0.840044,2.0392
400,10000,2,0.050593,0.3906,1.72282,2.912084e-01,6489.34,4.421808e+06,8774.83,3.937410e+25,4.934432e+25,6.890224e-45,7.882928e-05,7.469969e-08,1.055283e+03,equilibrium,0.836662,2.0234
400,10000,2,0.053219,0.4138,1.76562,2.818987e-01,6448.93,4.245064e+06,8844.86,3.806029e+25,4.766931e+25,6.937696e-45,8.082154e-05,7.944632e-08,1.017310e+03,equilibrium,0.833298,2.0075
400,10000,2,0.055911,0.4377,1.80985,2.728867e-01,6409.13,4.075637e+06,8913.66,3.679006e+25,4.605142e+25,6.985024e-45,8.286035e-05,8.450038e-08,9.805915e+02,equilibrium,0.829952,1.9915
400,10000,2,0.058671,0.4624,1.85555,2.641627e-01,6369.92,3.913208e+06,8981.28,3.556194e+25,4.448868e+25,7.032211e-45,8.494816e-05,8.988208e-08,9.451067e+02,equilibrium,0.826626,1.9755
400,10000,2,0.061500,0.4879,1.90274,2.557177e-01,6331.28,3.757470e+06,9047.76,3.437452e+25,4.297922e+25,7.079259e-45,8.708735e-05,9.561302e-08,9.108315e+02,equilibrium,0.823318,1.9594
400,10000,2,0.064401,0.5142,1.95148,2.475426e-01,6293.18,3.608132e+06,9113.13,3.322644e+25,4.152121e+25,7.126169e-45,8.928029e-05,1.017162e-07,8.777392e+02,equilibrium,0.820030,1.9434
400,10000,2,0.067375,0.5414,2.00180,2.396289e-01,6255.61,3.464917e+06,9177.43,3.211637e+25,4.011289e+25,7.172942e-45,9.152934e-05,1.082162e-07,8.458008e+02,equilibrium,0.816762,1.9273
400,10000,2,0.070424,0.5695,2.05376,2.319682e-01,6218.56,3.327561e+06,9240.70,3.104305e+25,3.875256e+25,7.219578e-45,9.383683e-05,1.151392e-07,8.149857e+02,equilibrium,0.813513,1.9111
400,10000,2,0.073550,0.5985,2.10738,2.245524e-01,6182.00,3.195812e+06,9302.97,3.000524e+25,3.743858e+25,7.266079e-45,9.620509e-05,1.225133e-07,7.852623e+02,equilibrium,0.810284,1.8950
400,10000,2,0.076755,0.6284,2.16273,2.173736e-01,6145.92,3.069431e+06,9364.26,2.900176e+25,3.616936e+25,7.312444e-45,9.863648e-05,1.303683e-07,7.565984e+02,equilibrium,0.807074,1.8789
400,10000,2,0.080041,0.6593,2.21984,2.104244e-01,6110.30,2.948188e+06,9424.61,2.803147e+25,3.494337e+25,7.358672e-45,1.011334e-04,1.387362e-07,7.289616e+02,equilibrium,0.803885,1.8627
400,10000,2,0.083410,0.6911,2.27878,2.036973e-01,6075.14,2.831864e+06,9484.04,2.709326e+25,3.375913e+25,7.404763e-45,1.036981e-04,1.476509e-07,7.023194e+02,equilibrium,0.800716,1.8465
400,10000,2,0.086865,0.7240,2.33960,1.971853e-01,6040.41,2.720253e+06,9542.59,2.618607e+25,3.261521e+25,7.450716e-45,1.063332e-04,1.571489e-07,6.766394e+02,equilibrium,0.797567,1.8304
400,10000,2,0.090408,0.7579,2.40234,1.908815e-01,6006.11,2.613154e+06,9600.27,2.530886e+25,3.151023e+25,7.496529e-45,1.090410e-04,1.672691e-07,6.518896e+02,equilibrium,0.794438,1.8142
400,10000,2,0.094041,0.7929,2.46707,1.847792e-01,5972.22,2.510379e+06,9657.11,2.446064e+25,3.044286e+25,7.542200e-45,1.118240e-04,1.780528e-07,6.280385e+02,equilibrium,0.791329,1.7980
400,10000,2,0.097767,0.8290,2.53385,1.788719e-01,5938.73,2.411745e+06,9713.13,2.364045e+25,2.941180e+25,7.587728e-45,1.146848e-04,1.895444e-07,6.050552e+02,equilibrium,0.788241,1.7818
400,10000,2,0.101589,0.8662,2.60273,1.731536e-01,5905.63,2.317079e+06,9768.35,2.284736e+25,2.841582e+25,7.633110e-45,1.176260e-04,2.017912e-07,5.829094e+02,equilibrium,0.785172,1.7656
400,10000,2,0.105509,0.9046,2.67378,1.676180e-01,5872.91,2.226216e+06,9822.81,2.208048e+25,2.745372e+25,7.678343e-45,1.206502e-04,2.148438e-07,5.615716e+02,equilibrium,0.782124,1.7494
400,10000,2,0.109530,0.9442,2.74706,1.622594e-01,5840.56,2.138997e+06,9876.51,2.133894e+25,2.652433e+25,7.723426e-45,1.237601e-04,2.287561e-07,5.410131e+02,equilibrium,0.779095,1.7332
400,10000,2,0.113655,0.9851,2.82265,1.570721e-01,5808.58,2.055272e+06,9929.47,2.062190e+25,2.562654e+25,7.768356e-45,1.269585e-04,2.435860e-07,5.212060e+02,equilibrium,0.776087,1.7170
400,10000,2,0.117887,1.0272,2.90060,1.520507e-01,5776.94,1.974895e+06,9981.72,1.992855e+25,2.475927e+25,7.813128e-45,1.302482e-04,2.593949e-07,5.021230e+02,equilibrium,0.773098,1.7008
400,10000,2,0.122229,1.0706,2.98100,1.471897e-01,5745.66,1.897729e+06,10033.26,1.925812e+25,2.392147e+25,7.857740e-45,1.336321e-04,2.762489e-07,4.837380e+02,equilibrium,0.770129,1.6846
400,10000,2,0.126684,1.1154,3.06392,1.424842e-01,5714.70,1.823640e+06,10084.13,1.860985e+25,2.311213e+25,7.902189e-45,1.371132e-04,2.942184e-07,4.660254e+02,equilibrium,0.767180,1.6684
400,10000,2,0.131256,1.1617,3.14942,1.379291e-01,5684.08,1.752503e+06,10134.33,1.798301e+25,2.233029e+25,7.946470e-45,1.406946e-04,3.133785e-07,4.489607e+02,equilibrium,0.764251,1.6522
400,10000,2,0.135947,1.2093,3.23760,1.335196e-01,5653.78,1.684197e+06,10183.88,1.737689e+25,2.157500e+25,7.990579e-45,1.443794e-04,3.338097e-07,4.325202e+02,equilibrium,0.761341,1.6360
400,10000,2,0.140761,1.2585,3.32854,1.292511e-01,5623.80,1.618605e+06,10232.79,1.679081e+25,2.084535e+25,8.034514e-45,1.481709e-04,3.555981e-07,4.166808e+02,equilibrium,0.758450,1.6198
400,10000,2,0.145702,1.3091,3.42231,1.251191e-01,5594.13,1.555617e+06,10281.09,1.622412e+25,2.014048e+25,8.078269e-45,1.520723e-04,3.788355e-07,4.014204e+02,equilibrium,0.755579,1.6036
400,10000,2,0.150773,1.3614,3.51901,1.211192e-01,5564.75,1.495126e+06,10328.78,1.567618e+25,1.945952e+25,8.121841e-45,1.560870e-04,4.036202e-07,3.867176e+02,equilibrium,0.752727,1.5874
400,10000,2,0.155979,1.4153,3.61872,1.172471e-01,5535.68,1.437031e+06,10375.87,1.514638e+25,1.880168e+25,8.165224e-45,1.602187e-04,4.300574e-07,3.725518e+02,equilibrium,0.749894,1.5712
400,10000,2,0.161323,1.4709,3.72155,1.134988e-01,5506.89,1.381235e+06,10422.39,1.463411e+25,1.816615e+25,8.208415e-45,1.644708e-04,4.582594e-07,3.589033e+02,equilibrium,0.747081,1.5550
400,10000,2,0.166809,1.5282,3.82758,1.098703e-01,5478.39,1.327644e+06,10468.34,1.413881e+25,1.755218e+25,8.251409e-45,1.688471e-04,4.883463e-07,3.457528e+02,equilibrium,0.744286,1.5388
400,10000,2,0.172441,1.5873,3.93691,1.063579e-01,5450.18,1.276168e+06,10513.73,1.365992e+25,1.695903e+25,8.294201e-45,1.733515e-04,5.204468e-07,3.330821e+02,equilibrium,0.741509,1.5226
400,10000,2,0.178224,1.6482,4.04965,1.029577e-01,5422.23,1.226723e+06,10558.58,1.319690e+25,1.638599e+25,8.336786e-45,1.779878e-04,5.546982e-07,3.208732e+02,equilibrium,0.738752,1.5063
400,10000,2,0.184163,1.7110,4.16590,9.966626e-02,5394.56,1.179227e+06,10602.90,1.274923e+25,1.583238e+25,8.379159e-45,1.827601e-04,5.912478e-07,3.091092e+02,equilibrium,0.736012,1.4901
400,10000,2,0.190260,1.7758,4.28578,9.648001e-02,5367.16,1.133601e+06,10646.70,1.231641e+25,1.529753e+25,8.421315e-45,1.876727e-04,6.302526e-07,2.977737e+02,equilibrium,0.733291,1.4739
400,10000,2,0.196522,1.8426,4.40939,9.339563e-02,5340.02,1.089769e+06,10689.98,1.189795e+25,1.478081e+25,8.463250e-45,1.927297e-04,6.718812e-07,2.868509e+02,equilibrium,0.730588,1.4577
400,10000,2,0.202953,1.9115,4.53685,9.040986e-02,5313.13,1.047660e+06,10732.77,1.149339e+25,1.428159e+25,8.504959e-45,1.979357e-04,7.163134e-07,2.763255e+02,equilibrium,0.727903,1.4414
400,10000,2,0.209559,1.9825,4.66828,8.751954e-02,5286.50,1.007204e+06,10775.06,1.110227e+25,1.379928e+25,8.546435e-45,2.032951e-04,7.637421e-07,2.661829e+02,equilibrium,0.725236,1.4252
400,10000,2,0.216343,2.0558,4.80381,8.472162e-02,5260.12,9.683352e+05,10816.88,1.072416e+25,1.333330e+25,8.587675e-45,2.088127e-04,8.143733e-07,2.564091e+02,equilibrium,0.722587,1.4089
400,10000,2,0.223313,2.1313,4.94356,8.201314e-02,5233.99,9.309903e+05,10858.22,1.035862e+25,1.288311e+25,8.628673e-45,2.144934e-04,8.684277e-07,2.469905e+02,equilibrium,0.719955,1.3927
400,10000,2,0.230472,2.2092,5.08767,7.939126e-02,5208.10,8.951083e+05,10899.10,1.000524e+25,1.244815e+25,8.669424e-45,2.203421e-04,9.261414e-07,2.379141e+02,equilibrium,0.717340,1.3764
400,10000,2,0.237827,2.2895,5.23626,7.685319e-02,5182.46,8.606306e+05,10939.53,9.663634e+24,1.202792e+25,8.709923e-45,2.263640e-04,9.877672e-07,2.291673e+02,equilibrium,0.714743,1.3602
400,10000,2,0.245383,2.3723,5.38949,7.439626e-02,5157.05,8.275013e+05,10979.51,9.333411e+24,1.162191e+25,8.750165e-45,2.325643e-04,1.053576e-06,2.207382e+02,equilibrium,0.712162,1.3439
400,10000,2,0.253147,2.4577,5.54750,7.201788e-02,5131.87,7.956668e+05,11019.05,9.014201e+24,1.122965e+25,8.790144e-45,2.389486e-04,1.123856e-06,2.126150e+02,equilibrium,0.709599,1.3276
400,10000,2,0.261124,2.5458,5.71044,6.971553e-02,5106.92,7.650754e+05,11058.17,8.705645e+24,1.085065e+25,8.829857e-45,2.455225e-04,1.198919e-06,2.047866e+02,equilibrium,0.707052,1.3113
400,10000,2,0.269321,2.6366,5.87845,6.748679e-02,5082.20,7.356778e+05,11096.86,8.407393e+24,1.048447e+25,8.869298e-45,2.522917e-04,1.279095e-06,1.972423e+02,equilibrium,0.704521,1.2950
400,10000,2,0.277745,2.7302,6.05171,6.532930e-02,5057.71,7.074266e+05,11135.14,8.119110e+24,1.013068e+25,8.908462e-45,2.592623e-04,1.364741e-06,1.899718e+02,equilibrium,0.702007,1.2787
400,10000,2,0.286402,2.8268,6.23038,6.324078e-02,5033.44,6.802764e+05,11173.01,7.840470e+24,9.788857e+24,8.947344e-45,2.664404e-04,1.456236e-06,1.829651e+02,equilibrium,0.699509,1.2624
400,10000,2,0.295299,2.9263,6.41462,6.121903e-02,5009.39,6.541835e+05,11210.49,7.571157e+24,9.458591e+24,8.985940e-45,2.738324e-04,1.553988e-06,1.762127e+02,equilibrium,0.697027,1.2460
400,10000,2,0.304444,3.0290,6.60462,5.926191e-02,4985.56,6.291060e+05,11247.57,7.310868e+24,9.139491e+24,9.024245e-45,2.814449e-04,1.658434e-06,1.697052e+02,equilibrium,0.694561,1.2297
400,10000,2,0.313843,3.1349,6.80055,5.736736e-02,4961.95,6.050039e+05,11284.26,7.059308e+24,8.831178e+24,9.062255e-45,2.892846e-04,1.770039e-06,1.634340e+02,equilibrium,0.692111,1.2133
400,10000,2,0.323504,3.2441,7.00260,5.553338e-02,4938.54,5.818385e+05,11320.58,6.816190e+24,8.533287e+24,9.099966e-45,2.973584e-04,1.889306e-06,1.573903e+02,equilibrium,0.689676,1.1970
400,10000,2,0.333436,3.3567,7.21096,5.375802e-02,4915.35,5.595729e+05,11356.52,6.581240e+24,8.245463e+24,9.137372e-45,3.056735e-04,2.016768e-06,1.515661e+02,equilibrium,0.687256,1.1806
400,10000,2,0.343646,3.4729,7.42584,5.203943e-02,4892.37,5.381717e+05,11392.10,6.354189e+24,7.967367e+24,9.174471e-45,3.142375e-04,2.153000e-06,1.459533e+02,equilibrium,0.684851,1.1642
400,10000,2,0.354143,3.5926,7.64744,5.037577e-02,4869.59,5.176006e+05,11427.32,6.134780e+24,7.698667e+24,9.211258e-45,3.230578e-04,2.298617e-06,1.405444e+02,equilibrium,0.682462,1.1478
400,10000,2,0.364934,3.7161,7.87597,4.876531e-02,4847.02,4.978272e+05,11462.18,5.922761e+24,7.439046e+24,9.247729e-45,3.321424e-04,2.454276e-06,1.353321e+02,equilibrium,0.680087,1.1314
400,10000,2,0.376030,3.8435,8.11165,4.720632e-02,4824.65,4.788199e+05,11496.69,5.717892e+24,7.188196e+24,9.283881e-45,3.414993e-04,2.620684e-06,1.303093e+02,equilibrium,0.677727,1.1150
400,10000,2,0.387439,3.9749,8.35470,4.569718e-02,4802.48,4.605486e+05,11530.86,5.519937e+24,6.945819e+24,9.319710e-45,3.511370e-04,2.798595e-06,1.254691e+02,equilibrium,0.675381,1.0985
400,10000,2,0.399171,4.1103,8.60536,4.423628e-02,4780.51,4.429844e+05,11564.69,5.328670e+24,6.711628e+24,9.355214e-45,3.610641e-04,2.988819e-06,1.208050e+02,equilibrium,0.673050,1.0821
400,10000,2,0.411234,4.2500,8.86388,4.282209e-02,4758.74,4.260996e+05,11598.19,5.143871e+24,6.485348e+24,9.390387e-45,3.712895e-04,3.192222e-06,1.163107e+02,equilibrium,0.670733,1.0656
400,10000,2,0.423640,4.3941,9.13049,4.145310e-02,4737.16,4.098675e+05,11631.37,4.965329e+24,6.266708e+24,9.425229e-45,3.818223e-04,3.409735e-06,1.119800e+02,equilibrium,0.668430,1.0491
400,10000,2,0.436398,4.5427,9.40546,4.012789e-02,4715.78,3.942626e+05,11664.22,4.792836e+24,6.055452e+24,9.459735e-45,3.926719e-04,3.642351e-06,1.078073e+02,equilibrium,0.666140,1.0326
400,10000,2,0.449520,4.6960,9.68905,3.884503e-02,4694.59,3.792601e+05,11696.76,4.626195e+24,5.851329e+24,9.493904e-45,4.038483e-04,3.891139e-06,1.037867e+02,equilibrium,0.663864,1.0161
400,10000,2,0.463016,4.8541,9.98153,3.760319e-02,4673.58,3.648366e+05,11728.98,4.465213e+24,5.654097e+24,9.527732e-45,4.153614e-04,4.157239e-06,9.991279e+01,equilibrium,0.661602,0.9996
400,10000,2,0.476897,5.0171,10.28319,3.640105e-02,4652.77,3.509694e+05,11760.89,4.309703e+24,5.463524e+24,9.561218e-45,4.272215e-04,4.441878e-06,9.618039e+01,equilibrium,0.659353,0.9831
400,10000,2,0.491175,5.1853,10.59431,3.523734e-02,4632.14,3.376367e+05,11792.51,4.159484e+24,5.279384e+24,9.594359e-45,4.394394e-04,4.746366e-06,9.258440e+01,equilibrium,0.657117,0.9665
400,10000,2,0.505861,5.3587,10.91520,3.411084e-02,4611.69,3.248176e+05,11823.82,4.014383e+24,5.101460e+24,9.627154e-45,4.520262e-04,5.072111e-06,8.911993e+01,equilibrium,0.654895,0.9500
400,10000,2,0.520970,5.5376,11.24616,3.302034e-02,4591.43,3.124921e+05,11854.85,3.874230e+24,4.929542e+24,9.659601e-45,4.649931e-04,5.420619e-06,8.578228e+01,equilibrium,0.652685,0.9334
400,10000,2,0.536512,5.7220,11.58753,3.196471e-02,4571.35,3.006409e+05,11885.58,3.738861e+24,4.763425e+24,9.691698e-45,4.783519e-04,5.793506e-06,8.256691e+01,equilibrium,0.650488,0.9168
400,10000,2,0.552501,5.9123,11.93962,3.094283e-02,4551.44,2.892455e+05,11916.03,3.608117e+24,4.602915e+24,9.723444e-45,4.921148e-04,6.192503e-06,7.946944e+01,equilibrium,0.648303,0.9002
400,10000,2,0.568952,6.1086,12.30277,2.995361e-02,4531.72,2.782882e+05,11946.20,3.481847e+24,4.447822e+24,9.754838e-45,5.062940e-04,6.619465e-06,7.648565e+01,equilibrium,0.646131,0.8836
400,10000,2,0.585876,6.3110,12.67735,2.899602e-02,4512.17,2.677517e+05,11976.09,3.359901e+24,4.297962e+24,9.785878e-45,5.209027e-04,7.076380e-06,7.361146e+01,equilibrium,0.643971,0.8669
400,10000,2,0.603290,6.5198,13.06370,2.806905e-02,4492.79,2.576199e+05,12005.71,3.242135e+24,4.153160e+24,9.816564e-45,5.359539e-04,7.565381e-06,7.084295e+01,equilibrium,0.641823,0.8503
400,10000,2,0.621208,6.7352,13.46222,2.717171e-02,4473.59,2.478768e+05,12035.07,3.128410e+24,4.013243e+24,9.846896e-45,5.514614e-04,8.088752e-06,6.817632e+01,equilibrium,0.639688,0.8336
400,10000,2,0.639645,6.9574,13.87327,2.630305e-02,4454.56,2.385074e+05,12064.16,3.018593e+24,3.878046e+24,9.876872e-45,5.674393e-04,8.648943e-06,6.560793e+01,equilibrium,0.637564,0.8170
400,10000,2,0.651458,7.1000,14.13717,2.577969e-02,4442.82,2.328995e+05,12082.10,2.952484e+24,3.796663e+24,9.895240e-45,5.877800e-04,9.015380e-06,6.519747e+01,equilibrium,0.636241,0.8142
400,10000,4,0.000097,0.0005,1.00045,7.973300e-01,8299.46,1.651668e+07,5518.82,1.129781e+26,1.439373e+26,5.295452e-45,4.738776e-06,1.161259e-08,4.080722e+02,equilibrium,0.943957,1.6107
400,10000,4,0.000691,0.0039,1.00330,7.718401e-01,8210.57,1.578676e+07,5684.93,1.091782e+26,1.390813e+26,5.353651e-45,1.827855e-05,1.230113e-08,1.485924e+03,equilibrium,0.940830,2.1720
400,10000,4,0.001713,0.0097,1.00833,7.471651e-01,8125.14,1.509329e+07,5843.36,1.055079e+26,1.343834e+26,5.411110e-45,3.144631e-05,1.303416e-08,2.412608e+03,equilibrium,0.937630,2.3825
400,10000,4,0.003092,0.0179,1.01531,7.232789e-01,8042.95,1.443412e+07,5994.85,1.019628e+26,1.298394e+26,5.467864e-45,4.244988e-05,1.381447e-08,3.072857e+03,equilibrium,0.934364,2.4875
400,10000,4,0.004776,0.0281,1.02404,7.001563e-01,7963.81,1.380723e+07,6140.05,9.853866e+25,1.254450e+26,5.523946e-45,5.180598e-05,1.464504e-08,3.537441e+03,equilibrium,0.931042,2.5487
400,10000,4,0.006721,0.0402,1.03436,6.777729e-01,7887.51,1.321075e+07,6279.50,9.523145e+25,1.211958e+26,5.579395e-45,5.989239e-05,1.552905e-08,3.856797e+03,equilibrium,0.927671,2.5862
400,10000,4,0.008898,0.0540,1.04617,6.561051e-01,7813.86,1.264292e+07,6413.67,9.203710e+25,1.170878e+26,5.634247e-45,6.699028e-05,1.646985e-08,4.067449e+03,equilibrium,0.924257,2.6093
400,10000,4,0.011280,0.0694,1.05936,6.351300e-01,7742.69,1.210211e+07,6543.00,8.895166e+25,1.131166e+26,5.688541e-45,7.331228e-05,1.747104e-08,4.196218e+03,equilibrium,0.920808,2.6229
400,10000,4,0.013848,0.0864,1.07385,6.148255e-01,7673.82,1.158680e+07,6667.85,8.597134e+25,1.092782e+26,5.742311e-45,7.902148e-05,1.853643e-08,4.263036e+03,equilibrium,0.917328,2.6297
400,10000,4,0.016585,0.1048,1.08959,5.951701e-01,7607.11,1.109557e+07,6788.55,8.309242e+25,1.055684e+26,5.795593e-45,8.424466e-05,1.967010e-08,4.282879e+03,equilibrium,0.913824,2.6317
400,10000,4,0.019479,0.1246,1.10653,5.761430e-01,7542.42,1.062711e+07,6905.40,8.031134e+25,1.019834e+26,5.848418e-45,8.908152e-05,2.087638e-08,4.267096e+03,equilibrium,0.910301,2.6301
400,10000,4,0.022521,0.1458,1.12463,5.577243e-01,7479.61,1.018018e+07,7018.65,7.762466e+25,9.851909e+25,5.900817e-45,9.361140e-05,2.215990e-08,4.224360e+03,equilibrium,0.906762,2.6258
400,10000,4,0.025702,0.1683,1.14386,5.398943e-01,7418.58,9.753632e+06,7128.55,7.502903e+25,9.517169e+25,5.952818e-45,9.789805e-05,2.352558e-08,4.161346e+03,equilibrium,0.903211,2.6192
400,10000,4,0.029015,0.1921,1.16420,5.226344e-01,7359.20,9.346401e+06,7235.30,7.252125e+25,9.193744e+25,6.004449e-45,1.019933e-04,2.497866e-08,4.083215e+03,equilibrium,0.899653,2.6110
400,10000,4,0.032458,0.2172,1.18564,5.059262e-01,7301.37,8.957480e+06,7339.10,7.009823e+25,8.881267e+25,6.055732e-45,1.059394e-04,2.652475e-08,3.993984e+03,equilibrium,0.896090,2.6014
400,10000,4,0.036024,0.2435,1.20816,4.897522e-01,7245.01,8.585932e+06,7440.12,6.775699e+25,8.579381e+25,6.106691e-45,1.097718e-04,2.816982e-08,3.896786e+03,equilibrium,0.892525,2.5907
400,10000,4,0.039713,0.2712,1.23177,4.740953e-01,7190.03,8.230876e+06,7538.51,6.549467e+25,8.287738e+25,6.157345e-45,1.135195e-04,2.992020e-08,3.794075e+03,equilibrium,0.888961,2.5791
400,10000,4,0.043521,0.3001,1.25647,4.589389e-01,7136.35,7.891486e+06,7634.43,6.330849e+25,8.006000e+25,6.207715e-45,1.172074e-04,3.178270e-08,3.687773e+03,equilibrium,0.885399,2.5668
400,10000,4,0.047448,0.3302,1.28225,4.442670e-01,7083.89,7.566987e+06,7727.99,6.119581e+25,7.733837e+25,6.257816e-45,1.208564e-04,3.376451e-08,3.579391e+03,equilibrium,0.881842,2.5538
400,10000,4,0.051492,0.3617,1.30912,4.300642e-01,7032.60,7.256649e+06,7819.33,5.915406e+25,7.470931e+25,6.307666e-45,1.244846e-04,3.587336e-08,3.470112e+03,equilibrium,0.878292,2.5403
400,10000,4,0.055655,0.3944,1.33710,4.163154e-01,6982.40,6.959786e+06,7908.55,5.718078e+25,7.216973e+25,6.357277e-45,1.281075e-04,3.811744e-08,3.360863e+03,equilibrium,0.874751,2.5265
400,10000,4,0.059935,0.4284,1.36619,4.030062e-01,6933.25,6.675751e+06,7995.76,5.527360e+25,6.971660e+25,6.406663e-45,1.317388e-04,4.050551e-08,3.252367e+03,equilibrium,0.871219,2.5122
400,10000,4,0.064334,0.4638,1.39641,3.901225e-01,6885.10,6.403933e+06,8081.05,5.343024e+25,6.734704e+25,6.455836e-45,1.353904e-04,4.304690e-08,3.145184e+03,equilibrium,0.867698,2.4976
400,10000,4,0.068853,0.5005,1.42778,3.776506e-01,6837.88,6.143756e+06,8164.50,5.164849e+25,6.505821e+25,6.504806e-45,1.390731e-04,4.575156e-08,3.039746e+03,equilibrium,0.864189,2.4828
400,10000,4,0.073492,0.5386,1.46032,3.655774e-01,6791.56,5.894675e+06,8246.20,4.992624e+25,6.284739e+25,6.553583e-45,1.427964e-04,4.863009e-08,2.936380e+03,equilibrium,0.860694,2.4678
400,10000,4,0.078255,0.5780,1.49405,3.538903e-01,6746.10,5.656176e+06,8326.23,4.826145e+25,6.071194e+25,6.602175e-45,1.465690e-04,5.169381e-08,2.835331e+03,equilibrium,0.857213,2.4526
400,10000,4,0.083141,0.6189,1.52899,3.425767e-01,6701.46,5.427771e+06,8404.65,4.665215e+25,5.864929e+25,6.650590e-45,1.503989e-04,5.495477e-08,2.736776e+03,equilibrium,0.853746,2.4372
400,10000,4,0.088154,0.6612,1.56517,3.316248e-01,6657.60,5.208998e+06,8481.54,4.509645e+25,5.665697e+25,6.698835e-45,1.542934e-04,5.842585e-08,2.640842e+03,equilibrium,0.850296,2.4217
400,10000,4,0.093296,0.7050,1.60261,3.210231e-01,6614.49,4.999420e+06,8556.94,4.359253e+25,5.473259e+25,6.746916e-45,1.582593e-04,6.212075e-08,2.547608e+03,equilibrium,0.846861,2.4061
400,10000,4,0.098570,0.7503,1.64134,3.107603e-01,6572.09,4.798622e+06,8630.92,4.213861e+25,5.287383e+25,6.794838e-45,1.623031e-04,6.605411e-08,2.457124e+03,equilibrium,0.843444,2.3904
400,10000,4,0.103977,0.7972,1.68140,3.008255e-01,6530.39,4.606209e+06,8703.53,4.073302e+25,5.107847e+25,6.842606e-45,1.664308e-04,7.024154e-08,2.369407e+03,equilibrium,0.840044,2.3746
400,10000,4,0.109522,0.8457,1.72282,2.912084e-01,6489.34,4.421808e+06,8774.83,3.937410e+25,4.934432e+25,6.890224e-45,1.706483e-04,7.469969e-08,2.284458e+03,equilibrium,0.836662,2.3588
400,10000,4,0.115207,0.8957,1.76562,2.818987e-01,6448.93,4.245064e+06,8844.86,3.806029e+25,4.766931e+25,6.937696e-45,1.749611e-04,7.944632e-08,2.202256e+03,equilibrium,0.833298,2.3429
400,10000,4,0.121035,0.9475,1.80985,2.728867e-01,6409.13,4.075637e+06,8913.66,3.679006e+25,4.605142e+25,6.985024e-45,1.793747e-04,8.450038e-08,2.122768e+03,equilibrium,0.829952,2.3269
400,10000,4,0.127010,1.0010,1.85555,2.641627e-01,6369.92,3.913208e+06,8981.28,3.556194e+25,4.448868e+25,7.032211e-45,1.838943e-04,8.988208e-08,2.045951e+03,equilibrium,0.826626,2.3109
400,10000,4,0.133135,1.0562,1.90274,2.557177e-01,6331.28,3.757470e+06,9047.76,3.437452e+25,4.297922e+25,7.079259e-45,1.885252e-04,9.561302e-08,1.971753e+03,equilibrium,0.823318,2.2949
400,10000,4,0.139415,1.1132,1.95148,2.475426e-01,6293.18,3.608132e+06,9113.13,3.322644e+25,4.152121e+25,7.126169e-45,1.932725e-04,1.017162e-07,1.900115e+03,equilibrium,0.820030,2.2788
400,10000,4,0.145853,1.1721,2.00180,2.396289e-01,6255.61,3.464917e+06,9177.43,3.211637e+25,4.011289e+25,7.172942e-45,1.981412e-04,1.082162e-07,1.830975e+03,equilibrium,0.816762,2.2627
400,10000,4,0.152453,1.2329,2.05376,2.319682e-01,6218.56,3.327561e+06,9240.70,3.104305e+25,3.875256e+25,7.219578e-45,2.031364e-04,1.151392e-07,1.764267e+03,equilibrium,0.813513,2.2466
400,10000,4,0.159220,1.2956,2.10738,2.245524e-01,6182.00,3.195812e+06,9302.97,3.000524e+25,3.743858e+25,7.266079e-45,2.082632e-04,1.225133e-07,1.699922e+03,equilibrium,0.810284,2.2304
400,10000,4,0.166157,1.3603,2.16273,2.173736e-01,6145.92,3.069431e+06,9364.26,2.900176e+25,3.616936e+25,7.312444e-45,2.135266e-04,1.303683e-07,1.637871e+03,equilibrium,0.807074,2.2143
400,10000,4,0.173271,1.4272,2.21984,2.104244e-01,6110.30,2.948188e+06,9424.61,2.803147e+25,3.494337e+25,7.358672e-45,2.189318e-04,1.387362e-07,1.578044e+03,equilibrium,0.803885,2.1981
400,10000,4,0.180564,1.4961,2.27878,2.036973e-01,6075.14,2.831864e+06,9484.04,2.709326e+25,3.375913e+25,7.404763e-45,2.244839e-04,1.476509e-07,1.520369e+03,equilibrium,0.800716,2.1819
400,10000,4,0.188044,1.5673,2.33960,1.971853e-01,6040.41,2.720253e+06,9542.59,2.618607e+25,3.261521e+25,7.450716e-45,2.301882e-04,1.571489e-07,1.464778e+03,equilibrium,0.797567,2.1658
400,10000,4,0.195713,1.6407,2.40234,1.908815e-01,6006.11,2.613154e+06,9600.27,2.530886e+25,3.151023e+25,7.496529e-45,2.360500e-04,1.672691e-07,1.411200e+03,equilibrium,0.794438,2.1496
400,10000,4,0.203578,1.7164,2.46707,1.847792e-01,5972.22,2.510379e+06,9657.11,2.446064e+25,3.044286e+25,7.542200e-45,2.420747e-04,1.780528e-07,1.359567e+03,equilibrium,0.791329,2.1334
400,10000,4,0.211645,1.7945,2.53385,1.788719e-01,5938.73,2.411745e+06,9713.13,2.364045e+25,2.941180e+25,7.587728e-45,2.482677e-04,1.895444e-07,1.309813e+03,equilibrium,0.788241,2.1172
400,10000,4,0.219918,1.8751,2.60273,1.731536e-01,5905.63,2.317079e+06,9768.35,2.284736e+25,2.841582e+25,7.633110e-45,2.546347e-04,2.017912e-07,1.261872e+03,equilibrium,0.785172,2.1010
400,10000,4,0.228405,1.9583,2.67378,1.676180e-01,5872.91,2.226216e+06,9822.81,2.208048e+25,2.745372e+25,7.678343e-45,2.611814e-04,2.148438e-07,1.215681e+03,equilibrium,0.782124,2.0848
400,10000,4,0.237109,2.0440,2.74706,1.622594e-01,5840.56,2.138997e+06,9876.51,2.133894e+25,2.652433e+25,7.723426e-45,2.679137e-04,2.287561e-07,1.171176e+03,equilibrium,0.779095,2.0686
400,10000,4,0.246039,2.1324,2.82265,1.570721e-01,5808.58,2.055272e+06,9929.47,2.062190e+25,2.562654e+25,7.768356e-45,2.748375e-04,2.435860e-07,1.128298e+03,equilibrium,0.776087,2.0524
400,10000,4,0.255200,2.2236,2.90060,1.520507e-01,5776.94,1.974895e+06,9981.72,1.992855e+25,2.475927e+25,7.813128e-45,2.819590e-04,2.593949e-07,1.086987e+03,equilibrium,0.773098,2.0362
400,10000,4,0.264600,2.3177,2.98100,1.471897e-01,5745.66,1.897729e+06,10033.26,1.925812e+25,2.392147e+25,7.857740e-45,2.892845e-04,2.762489e-07,1.047188e+03,equilibrium,0.770129,2.0200
400,10000,4,0.274244,2.4147,3.06392,1.424842e-01,5714.70,1.823640e+06,10084.13,1.860985e+25,2.311213e+25,7.902189e-45,2.968204e-04,2.942184e-07,1.008844e+03,equilibrium,0.767180,2.0038
400,10000,4,0.284140,2.5147,3.14942,1.379291e-01,5684.08,1.752503e+06,10134.33,1.798301e+25,2.233029e+25,7.946470e-45,3.045734e-04,3.133785e-07,9.719026e+02,equilibrium,0.764251,1.9876
400,10000,4,0.294295,2.6179,3.23760,1.335196e-01,5653.78,1.684197e+06,10183.88,1.737689e+25,2.157500e+25,7.990579e-45,3.125502e-04,3.338097e-07,9.363124e+02,equilibrium,0.761341,1.9714
400,10000,4,0.304717,2.7243,3.32854,1.292511e-01,5623.80,1.618605e+06,10232.79,1.679081e+25,2.084535e+25,8.034514e-45,3.207578e-04,3.555981e-07,9.020235e+02,equilibrium,0.758450,1.9552
400,10000,4,0.315413,2.8340,3.42231,1.251191e-01,5594.13,1.555617e+06,10281.09,1.622412e+25,2.014048e+25,8.078269e-45,3.292035e-04,3.788355e-07,8.689880e+02,equilibrium,0.755579,1.9390
400,10000,4,0.326392,2.9471,3.51901,1.211192e-01,5564.75,1.495126e+06,10328.78,1.567618e+25,1.945952e+25,8.121841e-45,3.378946e-04,4.036202e-07,8.371597e+02,equilibrium,0.752727,1.9228
400,10000,4,0.337661,3.0638,3.61872,1.172471e-01,5535.68,1.437031e+06,10375.87,1.514638e+25,1.880168e+25,8.165224e-45,3.468387e-04,4.300574e-07,8.064939e+02,equilibrium,0.749894,1.9066
400,10000,4,0.349229,3.1841,3.72155,1.134988e-01,5506.89,1.381235e+06,10422.39,1.463411e+25,1.816615e+25,8.208415e-45,3.560436e-04,4.582594e-07,7.769478e+02,equilibrium,0.747081,1.8904
400,10000,4,0.361105,3.3082,3.82758,1.098703e-01,5478.39,1.327644e+06,10468.34,1.413881e+25,1.755218e+25,8.251409e-45,3.655174e-04,4.883463e-07,7.484799e+02,equilibrium,0.744286,1.8742
400,10000,4,0.373298,3.4361,3.93691,1.063579e-01,5450.18,1.276168e+06,10513.73,1.365992e+25,1.695903e+25,8.294201e-45,3.752684e-04,5.204468e-07,7.210504e+02,equilibrium,0.741509,1.8580
400,10000,4,0.385817,3.5680,4.04965,1.029577e-01,5422.23,1.226723e+06,10558.58,1.319690e+25,1.638599e+25,8.336786e-45,3.853050e-04,5.546982e-07,6.946209e+02,equilibrium,0.738752,1.8417
400,10000,4,0.398672,3.7040,4.16590,9.966626e-02,5394.56,1.179227e+06,10602.90,1.274923e+25,1.583238e+25,8.379159e-45,3.956361e-04,5.912478e-07,6.691545e+02,equilibrium,0.736012,1.8255
400,10000,4,0.411872,3.8442,4.28578,9.648001e-02,5367.16,1.133601e+06,10646.70,1.231641e+25,1.529753e+25,8.421315e-45,4.062706e-04,6.302526e-07,6.446156e+02,equilibrium,0.733291,1.8093
400,10000,4,0.425428,3.9888,4.40939,9.339563e-02,5340.02,1.089769e+06,10689.98,1.189795e+25,1.478081e+25,8.463250e-45,4.172180e-04,6.718812e-07,6.209700e+02,equilibrium,0.730588,1.7931
400,10000,4,0.439350,4.1380,4.53685,9.040986e-02,5313.13,1.047660e+06,10732.77,1.149339e+25,1.428159e+25,8.504959e-45,4.284878e-04,7.163134e-07,5.981848e+02,equilibrium,0.727903,1.7768
400,10000,4,0.453649,4.2917,4.66828,8.751954e-02,5286.50,1.007204e+06,10775.06,1.110227e+25,1.379928e+25,8.546435e-45,4.400898e-04,7.637421e-07,5.762283e+02,equilibrium,0.725236,1.7606
400,10000,4,0.468336,4.4503,4.80381,8.472162e-02,5260.12,9.683352e+05,10816.88,1.072416e+25,1.333330e+25,8.587675e-45,4.520343e-04,8.143733e-07,5.550702e+02,equilibrium,0.722587,1.7443
400,10000,4,0.483423,4.6138,4.94356,8.201314e-02,5233.99,9.309903e+05,10858.22,1.035862e+25,1.288311e+25,8.628673e-45,4.643317e-04,8.684277e-07,5.346809e+02,equilibrium,0.719955,1.7281
400,10000,4,0.498921,4.7824,5.08767,7.939126e-02,5208.10,8.951083e+05,10899.10,1.000524e+25,1.244815e+25,8.669424e-45,4.769929e-04,9.261414e-07,5.150325e+02,equilibrium,0.717340,1.7118
400,10000,4,0.514843,4.9563,5.23626,7.685319e-02,5182.46,8.606306e+05,10939.53,9.663634e+24,1.202792e+25,8.709923e-45,4.900289e-04,9.877672e-07,4.960976e+02,equilibrium,0.714743,1.6956
400,10000,4,0.531201,5.1355,5.38949,7.439626e-02,5157.05,8.275013e+05,10979.51,9.333411e+24,1.162191e+25,8.750165e-45,5.034513e-04,1.053576e-06,4.778502e+02,equilibrium,0.712162,1.6793
400,10000,4,0.548008,5.3204,5.54750,7.201788e-02,5131.87,7.956668e+05,11019.05,9.014201e+24,1.122965e+25,8.790144e-45,5.172719e-04,1.123856e-06,4.602653e+02,equilibrium,0.709599,1.6630
400,10000,4,0.565277,5.5110,5.71044,6.971553e-02,5106.92,7.650754e+05,11058.17,8.705645e+24,1.085065e+25,8.829857e-45,5.315029e-04,1.198919e-06,4.433186e+02,equilibrium,0.707052,1.6467
400,10000,4,0.583022,5.7076,5.87845,6.748679e-02,5082.20,7.356778e+05,11096.86,8.407393e+24,1.048447e+25,8.869298e-45,5.461568e-04,1.279095e-06,4.269869e+02,equilibrium,0.704521,1.6304
400,10000,4,0.601258,5.9103,6.05171,6.532930e-02,5057.71,7.074266e+05,11135.14,8.119110e+24,1.013068e+25,8.908462e-45,5.612467e-04,1.364741e-06,4.112478e+02,equilibrium,0.702007,1.6141
400,10000,4,0.619998,6.1193,6.23038,6.324078e-02,5033.44,6.802764e+05,11173.01,7.840470e+24,9.788857e+24,8.947344e-45,5.767857e-04,1.456236e-06,3.960798e+02,equilibrium,0.699509,1.5978
400,10000,4,0.639259,6.3349,6.41462,6.121903e-02,5009.39,6.541835e+05,11210.49,7.571157e+24,9.458591e+24,8.985940e-45,5.927878e-04,1.553988e-06,3.814622e+02,equilibrium,0.697027,1.5815
400,10000,4,0.659055,6.5572,6.60462,5.926191e-02,4985.56,6.291060e+05,11247.57,7.310868e+24,9.139491e+24,9.024245e-45,6.092672e-04,1.658434e-06,3.673750e+02,equilibrium,0.694561,1.5651
400,10000,4,0.679402,6.7864,6.80055,5.736736e-02,4961.95,6.050039e+05,11284.26,7.059308e+24,8.831178e+24,9.062255e-45,6.262383e-04,1.770039e-06,3.537991e+02,equilibrium,0.692111,1.5488
400,10000,4,0.700317,7.0228,7.00260,5.553338e-02,4938.54,5.818385e+05,11320.58,6.816190e+24,8.533287e+24,9.099966e-45,6.437164e-04,1.889306e-06,3.407159e+02,equilibrium,0.689676,1.5324
400,10000,4,0.707133,7.1000,7.06858,5.497116e-02,4931.20,5.747875e+05,11331.96,6.741614e+24,8.441984e+24,9.111763e-45,6.698391e-04,1.928365e-06,3.473612e+02,equilibrium,0.688902,1.5408
400,10000,7,0.000194,0.0011,1.00045,7.973300e-01,8299.46,1.651668e+07,5518.82,1.129781e+26,1.439373e+26,5.295452e-45,9.462276e-06,1.161259e-08,8.148289e+02,equilibrium,0.943957,1.9111
400,10000,7,0.001380,0.0077,1.00330,7.718401e-01,8210.57,1.578676e+07,5684.93,1.091782e+26,1.390813e+26,5.353651e-45,3.649817e-05,1.230113e-08,2.967058e+03,equilibrium,0.940830,2.4723
400,10000,7,0.003421,0.0195,1.00833,7.471651e-01,8125.14,1.509329e+07,5843.36,1.055079e+26,1.343834e+26,5.411110e-45,6.279124e-05,1.303416e-08,4.817437e+03,equilibrium,0.937630,2.6828
400,10000,7,0.006175,0.0358,1.01531,7.232789e-01,8042.95,1.443412e+07,5994.85,1.019628e+26,1.298394e+26,5.467864e-45,8.476292e-05,1.381447e-08,6.135807e+03,equilibrium,0.934364,2.7879
400,10000,7,0.009536,0.0562,1.02404,7.001563e-01,7963.81,1.380723e+07,6140.05,9.853866e+25,1.254450e+26,5.523946e-45,1.034450e-04,1.464504e-08,7.063479e+03,equilibrium,0.931042,2.8490
400,10000,7,0.013421,0.0803,1.03436,6.777729e-01,7887.51,1.321075e+07,6279.50,9.523145e+25,1.211958e+26,5.579395e-45,1.195917e-04,1.552905e-08,7.701161e+03,equilibrium,0.927671,2.8866
400,10000,7,0.017767,0.1079,1.04617,6.561051e-01,7813.86,1.264292e+07,6413.67,9.203710e+25,1.170878e+26,5.634247e-45,1.337646e-04,1.646985e-08,8.121786e+03,equilibrium,0.924257,2.9097
400,10000,7,0.022524,0.1387,1.05936,6.351300e-01,7742.69,1.210211e+07,6543.00,8.895166e+25,1.131166e+26,5.688541e-45,1.463882e-04,1.747104e-08,8.378908e+03,equilibrium,0.920808,2.9232
400,10000,7,0.027651,0.1725,1.07385,6.148255e-01,7673.82,1.158680e+07,6667.85,8.597134e+25,1.092782e+26,5.742311e-45,1.577882e-04,1.853643e-08,8.512330e+03,equilibrium,0.917328,2.9300
400,10000,7,0.033116,0.2093,1.08959,5.951701e-01,7607.11,1.109557e+07,6788.55,8.309242e+25,1.055684e+26,5.795593e-45,1.682177e-04,1.967010e-08,8.551951e+03,equilibrium,0.913824,2.9321
400,10000,7,0.038896,0.2489,1.10653,5.761430e-01,7542.42,1.062711e+07,6905.40,8.031134e+25,1.019834e+26,5.848418e-45,1.778759e-04,2.087638e-08,8.520435e+03,equilibrium,0.910301,2.9305
400,10000,7,0.044969,0.2911,1.12463,5.577243e-01,7479.61,1.018018e+07,7018.65,7.762466e+25,9.851909e+25,5.900817e-45,1.869210e-04,2.215990e-08,8.435102e+03,equilibrium,0.906762,2.9261
400,10000,7,0.051320,0.3361,1.14386,5.398943e-01,7418.58,9.753632e+06,7128.55,7.502903e+25,9.517169e+25,5.952818e-45,1.954805e-04,2.352558e-08,8.309276e+03,equilibrium,0.903211,2.9196
400,10000,7,0.057937,0.3836,1.16420,5.226344e-01,7359.20,9.346401e+06,7235.30,7.252125e+25,9.193744e+25,6.004449e-45,2.036577e-04,2.497866e-08,8.153267e+03,equilibrium,0.899653,2.9113
400,10000,7,0.064811,0.4337,1.18564,5.059262e-01,7301.37,8.957480e+06,7339.10,7.009823e+25,8.881267e+25,6.055732e-45,2.115374e-04,2.652475e-08,7.975093e+03,equilibrium,0.896090,2.9017
400,10000,7,0.071932,0.4863,1.20816,4.897522e-01,7245.01,8.585932e+06,7440.12,6.775699e+25,8.579381e+25,6.106691e-45,2.191896e-04,2.816982e-08,7.781010e+03,equilibrium,0.892525,2.8910
400,10000,7,0.079297,0.5415,1.23177,4.740953e-01,7190.03,8.230876e+06,7538.51,6.549467e+25,8.287738e+25,6.157345e-45,2.266730e-04,2.992020e-08,7.575919e+03,equilibrium,0.888961,2.8794
400,10000,7,0.086901,0.5991,1.25647,4.589389e-01,7136.35,7.891486e+06,7634.43,6.330849e+25,8.006000e+25,6.207715e-45,2.340369e-04,3.178270e-08,7.363658e+03,equilibrium,0.885399,2.8671
400,10000,7,0.094742,0.6594,1.28225,4.442670e-01,7083.89,7.566987e+06,7727.99,6.119581e+25,7.733837e+25,6.257816e-45,2.413232e-04,3.376451e-08,7.147243e+03,equilibrium,0.881842,2.8541
400,10000,7,0.102819,0.7221,1.30912,4.300642e-01,7032.60,7.256649e+06,7819.33,5.915406e+25,7.470931e+25,6.307666e-45,2.485678e-04,3.587336e-08,6.929037e+03,equilibrium,0.878292,2.8407
400,10000,7,0.111130,0.7875,1.33710,4.163154e-01,6982.40,6.959786e+06,7908.55,5.718078e+25,7.216973e+25,6.357277e-45,2.558020e-04,3.811744e-08,6.710891e+03,equilibrium,0.874751,2.8268
400,10000,7,0.119677,0.8555,1.36619,4.030062e-01,6933.25,6.675751e+06,7995.76,5.527360e+25,6.971660e+25,6.406663e-45,2.630529e-04,4.050551e-08,6.494248e+03,equilibrium,0.871219,2.8125
400,10000,7,0.128461,0.9261,1.39641,3.901225e-01,6885.10,6.403933e+06,8081.05,5.343024e+25,6.734704e+25,6.455836e-45,2.703444e-04,4.304690e-08,6.280228e+03,equilibrium,0.867698,2.7980
400,10000,7,0.137483,0.9994,1.42778,3.776506e-01,6837.88,6.143756e+06,8164.50,5.164849e+25,6.505821e+25,6.504806e-45,2.776979e-04,4.575156e-08,6.069692e+03,equilibrium,0.864189,2.7832
400,10000,7,0.146748,1.0754,1.46032,3.655774e-01,6791.56,5.894675e+06,8246.20,4.992624e+25,6.284739e+25,6.553583e-45,2.851325e-04,4.863009e-08,5.863293e+03,equilibrium,0.860694,2.7681
400,10000,7,0.156257,1.1542,1.49405,3.538903e-01,6746.10,5.656176e+06,8326.23,4.826145e+25,6.071194e+25,6.602175e-45,2.926656e-04,5.169381e-08,5.661521e+03,equilibrium,0.857213,2.7529
400,10000,7,0.166014,1.2358,1.52899,3.425767e-01,6701.46,5.427771e+06,8404.65,4.665215e+25,5.864929e+25,6.650590e-45,3.003130e-04,5.495477e-08,5.464730e+03,equilibrium,0.853746,2.7376
400,10000,7,0.176025,1.3203,1.56517,3.316248e-01,6657.60,5.208998e+06,8481.54,4.509645e+25,5.665697e+25,6.698835e-45,3.080894e-04,5.842585e-08,5.273170e+03,equilibrium,0.850296,2.7221
400,10000,7,0.186292,1.4078,1.60261,3.210231e-01,6614.49,4.999420e+06,8556.94,4.359253e+25,5.473259e+25,6.746916e-45,3.160085e-04,6.212075e-08,5.087004e+03,equilibrium,0.846861,2.7065
400,10000,7,0.196822,1.4983,1.64134,3.107603e-01,6572.09,4.798622e+06,8630.92,4.213861e+25,5.287383e+25,6.794838e-45,3.240830e-04,6.605411e-08,4.906326e+03,equilibrium,0.843444,2.6908
400,10000,7,0.207620,1.5919,1.68140,3.008255e-01,6530.39,4.606209e+06,8703.53,4.073302e+25,5.107847e+25,6.842606e-45,3.323251e-04,7.024154e-08,4.731176e+03,equilibrium,0.840044,2.6750
400,10000,7,0.218691,1.6886,1.72282,2.912084e-01,6489.34,4.421808e+06,8774.83,3.937410e+25,4.934432e+25,6.890224e-45,3.407465e-04,7.469969e-08,4.561551e+03,equilibrium,0.836662,2.6591
400,10000,7,0.230042,1.7886,1.76562,2.818987e-01,6448.93,4.245064e+06,8844.86,3.806029e+25,4.766931e+25,6.937696e-45,3.493582e-04,7.944632e-08,4.397412e+03,equilibrium,0.833298,2.6432
400,10000,7,0.241679,1.8919,1.80985,2.728867e-01,6409.13,4.075637e+06,8913.66,3.679006e+25,4.605142e+25,6.985024e-45,3.581711e-04,8.450038e-08,4.238693e+03,equilibrium,0.829952,2.6272
400,10000,7,0.253610,1.9987,1.85555,2.641627e-01,6369.92,3.913208e+06,8981.28,3.556194e+25,4.448868e+25,7.032211e-45,3.671958e-04,8.988208e-08,4.085306e+03,equilibrium,0.826626,2.6112
400,10000,7,0.265841,2.1089,1.90274,2.557177e-01,6331.28,3.757470e+06,9047.76,3.437452e+25,4.297922e+25,7.079259e-45,3.764427e-04,9.561302e-08,3.937149e+03,equilibrium,0.823318,2.5952
400,10000,7,0.278380,2.2228,1.95148,2.475426e-01,6293.18,3.608132e+06,9113.13,3.322644e+25,4.152121e+25,7.126169e-45,3.859219e-04,1.017162e-07,3.794105e+03,equilibrium,0.820030,2.5791
400,10000,7,0.291235,2.3404,2.00180,2.396289e-01,6255.61,3.464917e+06,9177.43,3.211637e+25,4.011289e+25,7.172942e-45,3.956436e-04,1.082162e-07,3.656048e+03,equilibrium,0.816762,2.5630
400,10000,7,0.304414,2.4617,2.05376,2.319682e-01,6218.56,3.327561e+06,9240.70,3.104305e+25,3.875256e+25,7.219578e-45,4.056179e-04,1.151392e-07,3.522847e+03,equilibrium,0.813513,2.5469
400,10000,7,0.317926,2.5870,2.10738,2.245524e-01,6182.00,3.195812e+06,9302.97,3.000524e+25,3.743858e+25,7.266079e-45,4.158549e-04,1.225133e-07,3.394365e+03,equilibrium,0.810284,2.5308
400,10000,7,0.331779,2.7163,2.16273,2.173736e-01,6145.92,3.069431e+06,9364.26,2.900176e+25,3.616936e+25,7.312444e-45,4.263648e-04,1.303683e-07,3.270463e+03,equilibrium,0.807074,2.5146
400,10000,7,0.345983,2.8497,2.21984,2.104244e-01,6110.30,2.948188e+06,9424.61,2.803147e+25,3.494337e+25,7.358672e-45,4.371578e-04,1.387362e-07,3.151000e+03,equilibrium,0.803885,2.4984
400,10000,7,0.360547,2.9874,2.27878,2.036973e-01,6075.14,2.831864e+06,9484.04,2.709326e+25,3.375913e+25,7.404763e-45,4.482442e-04,1.476509e-07,3.035837e+03,equilibrium,0.800716,2.4823
400,10000,7,0.375481,3.1295,2.33960,1.971853e-01,6040.41,2.720253e+06,9542.59,2.618607e+25,3.261521e+25,7.450716e-45,4.596344e-04,1.571489e-07,2.924833e+03,equilibrium,0.797567,2.4661
400,10000,7,0.390795,3.2761,2.40234,1.908815e-01,6006.11,2.613154e+06,9600.27,2.530886e+25,3.151023e+25,7.496529e-45,4.713391e-04,1.672691e-07,2.817850e+03,equilibrium,0.794438,2.4499
400,10000,7,0.406501,3.4273,2.46707,1.847792e-01,5972.22,2.510379e+06,9657.11,2.446064e+25,3.044286e+25,7.542200e-45,4.833690e-04,1.780528e-07,2.714751e+03,equilibrium,0.791329,2.4337
400,10000,7,0.422608,3.5833,2.53385,1.788719e-01,5938.73,2.411745e+06,9713.13,2.364045e+25,2.941180e+25,7.587728e-45,4.957351e-04,1.895444e-07,2.615404e+03,equilibrium,0.788241,2.4175
400,10000,7,0.439128,3.7442,2.60273,1.731536e-01,5905.63,2.317079e+06,9768.35,2.284736e+25,2.841582e+25,7.633110e-45,5.084486e-04,2.017912e-07,2.519677e+03,equilibrium,0.785172,2.4013
400,10000,7,0.456073,3.9102,2.67378,1.676180e-01,5872.91,2.226216e+06,9822.81,2.208048e+25,2.745372e+25,7.678343e-45,5.215209e-04,2.148438e-07,2.427442e+03,equilibrium,0.782124,2.3851
400,10000,7,0.473454,4.0814,2.74706,1.622594e-01,5840.56,2.138997e+06,9876.51,2.133894e+25,2.652433e+25,7.723426e-45,5.349637e-04,2.287561e-07,2.338577e+03,equilibrium,0.779095,2.3690
400,10000,7,0.491285,4.2580,2.82265,1.570721e-01,5808.58,2.055272e+06,9929.47,2.062190e+25,2.562654e+25,7.768356e-45,5.487890e-04,2.435860e-07,2.252958e+03,equilibrium,0.776087,2.3528
400,10000,7,0.509578,4.4401,2.90060,1.520507e-01,5776.94,1.974895e+06,9981.72,1.992855e+25,2.475927e+25,7.813128e-45,5.630091e-04,2.593949e-07,2.170471e+03,equilibrium,0.773098,2.3366
400,10000,7,0.528346,4.6279,2.98100,1.471897e-01,5745.66,1.897729e+06,10033.26,1.925812e+25,2.392147e+25,7.857740e-45,5.776364e-04,2.762489e-07,2.091000e+03,equilibrium,0.770129,2.3204
400,10000,7,0.547603,4.8216,3.06392,1.424842e-01,5714.70,1.823640e+06,10084.13,1.860985e+25,2.311213e+25,7.902189e-45,5.926839e-04,2.942184e-07,2.014436e+03,equilibrium,0.767180,2.3042
400,10000,7,0.567363,5.0214,3.14942,1.379291e-01,5684.08,1.752503e+06,10134.33,1.798301e+25,2.233029e+25,7.946470e-45,6.081648e-04,3.133785e-07,1.940672e+03,equilibrium,0.764251,2.2880
400,10000,7,0.587641,5.2274,3.23760,1.335196e-01,5653.78,1.684197e+06,10183.88,1.737689e+25,2.157500e+25,7.990579e-45,6.240927e-04,3.338097e-07,1.869606e+03,equilibrium,0.761341,2.2718
400,10000,7,0.608451,5.4398,3.32854,1.292511e-01,5623.80,1.618605e+06,10232.79,1.679081e+25,2.084535e+25,8.034514e-45,6.404816e-04,3.555981e-07,1.801139e+03,equilibrium,0.758450,2.2555
400,10000,7,0.629809,5.6589,3.42231,1.251191e-01,5594.13,1.555617e+06,10281.09,1.622412e+25,2.014048e+25,8.078269e-45,6.573457e-04,3.788355e-07,1.735175e+03,equilibrium,0.755579,2.2393
400,10000,7,0.651731,5.8848,3.51901,1.211192e-01,5564.75,1.495126e+06,10328.78,1.567618e+25,1.945952e+25,8.121841e-45,6.746999e-04,4.036202e-07,1.671621e+03,equilibrium,0.752727,2.2231
400,10000,7,0.674233,6.1177,3.61872,1.172471e-01,5535.68,1.437031e+06,10375.87,1.514638e+25,1.880168e+25,8.165224e-45,6.925592e-04,4.300574e-07,1.610388e+03,equilibrium,0.749894,2.2069
400,10000,7,0.697332,6.3579,3.72155,1.134988e-01,5506.89,1.381235e+06,10422.39,1.463411e+25,1.816615e+25,8.208415e-45,7.109394e-04,4.582594e-07,1.551391e+03,equilibrium,0.747081,2.1907
400,10000,7,0.721046,6.6056,3.82758,1.098703e-01,5478.39,1.327644e+06,10468.34,1.413881e+25,1.755218e+25,8.251409e-45,7.298565e-04,4.883463e-07,1.494547e+03,equilibrium,0.744286,2.1745
400,10000,7,0.745393,6.8611,3.93691,1.063579e-01,5450.18,1.276168e+06,10513.73,1.365992e+25,1.695903e+25,8.294201e-45,7.493270e-04,5.204468e-07,1.439776e+03,equilibrium,0.741509,2.1583
400,10000,7,0.768076,7.1000,4.03919,1.032732e-01,5424.83,1.231311e+06,10554.42,1.323975e+25,1.643904e+25,8.332816e-45,7.706910e-04,5.513814e-07,1.397746e+03,equilibrium,0.739005,2.1454
673,10000,2,0.000057,0.0003,1.00058,4.694258e-01,8133.40,9.659673e+06,5587.40,6.775911e+25,8.588733e+25,5.426183e-45,2.509161e-06,3.166714e-08,7.923550e+01,equilibrium,0.964096,0.8989
673,10000,2,0.000350,0.0020,1.00366,4.544187e-01,8035.45,9.222807e+06,5754.21,6.548927e+25,8.301422e+25,5.492377e-45,9.039394e-06,3.349014e-08,2.699121e+02,equilibrium,0.961445,1.4312
673,10000,2,0.000843,0.0049,1.00898,4.398913e-01,7942.05,8.808940e+06,5912.90,6.329578e+25,8.023158e+25,5.557422e-45,1.517340e-05,3.543288e-08,4.282293e+02,equilibrium,0.958673,1.6317
673,10000,2,0.001503,0.0088,1.01629,4.258284e-01,7852.93,8.416663e+06,6064.25,6.117641e+25,7.753732e+25,5.621332e-45,2.029901e-05,3.750300e-08,5.412638e+02,equilibrium,0.955789,1.7334
673,10000,2,0.002304,0.0137,1.02538,4.122151e-01,7767.83,8.044633e+06,6208.96,5.912888e+25,7.492932e+25,5.684140e-45,2.465536e-05,3.970853e-08,6.209084e+02,equilibrium,0.952806,1.7930
673,10000,2,0.003227,0.0195,1.03611,3.990369e-01,7686.49,7.691585e+06,6347.62,5.715091e+25,7.240545e+25,5.745892e-45,2.841790e-05,4.205796e-08,6.756842e+02,equilibrium,0.949733,1.8297
673,10000,2,0.004258,0.0261,1.04834,3.862801e-01,7608.65,7.356334e+06,6480.75,5.524024e+25,6.996354e+25,5.806641e-45,3.171769e-05,4.456026e-08,7.117932e+02,equilibrium,0.946582,1.8524
673,10000,2,0.005384,0.0335,1.06197,3.739310e-01,7534.05,7.037776e+06,6608.83,5.339461e+25,6.760143e+25,5.866448e-45,3.465419e-05,4.722495e-08,7.338110e+02,equilibrium,0.943363,1.8656
673,10000,2,0.006596,0.0416,1.07693,3.619768e-01,7462.45,6.734885e+06,6732.26,5.161181e+25,6.531694e+25,5.925374e-45,3.730390e-05,5.006214e-08,7.451521e+02,equilibrium,0.940083,1.8722
673,10000,2,0.007887,0.0503,1.09315,3.504047e-01,7393.61,6.446712e+06,6851.40,4.988966e+25,6.310788e+25,5.983480e-45,3.972644e-05,5.308257e-08,7.483895e+02,equilibrium,0.936753,1.8741
673,10000,2,0.009250,0.0598,1.11058,3.392026e-01,7327.34,6.172378e+06,6966.58,4.822606e+25,6.097208e+25,6.040828e-45,4.196876e-05,5.629771e-08,7.454789e+02,equilibrium,0.933380,1.8724
673,10000,2,0.010682,0.0698,1.12918,3.283586e-01,7263.43,5.911068e+06,7078.09,4.661894e+25,5.890738e+25,6.097473e-45,4.406824e-05,5.971975e-08,7.379173e+02,equilibrium,0.929971,1.8680
673,10000,2,0.012178,0.0805,1.14893,3.178613e-01,7201.71,5.662033e+06,7186.17,4.506633e+25,5.691164e+25,6.153470e-45,4.605492e-05,6.336168e-08,7.268577e+02,equilibrium,0.926532,1.8614
673,10000,2,0.013736,0.0918,1.16980,3.076995e-01,7142.02,5.424574e+06,7291.07,4.356628e+25,5.498275e+25,6.208869e-45,4.795321e-05,6.723734e-08,7.131930e+02,equilibrium,0.923069,1.8532
673,10000,2,0.015354,0.1036,1.19177,2.978626e-01,7084.20,5.198047e+06,7392.99,4.211695e+25,5.311862e+25,6.263718e-45,4.978305e-05,7.136152e-08,6.976176e+02,equilibrium,0.919587,1.8436
673,10000,2,0.017029,0.1161,1.21484,2.883402e-01,7028.13,4.981854e+06,7492.12,4.071655e+25,5.131723e+25,6.318058e-45,5.156095e-05,7.574994e-08,6.806732e+02,equilibrium,0.916091,1.8329
673,10000,2,0.018761,0.1292,1.23900,2.791223e-01,6973.68,4.775437e+06,7588.62,3.936334e+25,4.957656e+25,6.371930e-45,5.330066e-05,8.041938e-08,6.627838e+02,equilibrium,0.912584,1.8214
673,10000,2,0.020549,0.1428,1.26425,2.701990e-01,6920.75,4.578280e+06,7682.65,3.805566e+25,4.789468e+25,6.425369e-45,5.501373e-05,8.538771e-08,6.442816e+02,equilibrium,0.909070,1.8091
673,10000,2,0.022391,0.1571,1.29060,2.615610e-01,6869.22,4.389900e+06,7774.34,3.679192e+25,4.626967e+25,6.478408e-45,5.670996e-05,9.067401e-08,6.254269e+02,equilibrium,0.905552,1.7962
673,10000,2,0.024289,0.1719,1.31805,2.531991e-01,6819.01,4.209846e+06,7863.83,3.557058e+25,4.469967e+25,6.531078e-45,5.839775e-05,9.629857e-08,6.064239e+02,equilibrium,0.902033,1.7828
673,10000,2,0.026241,0.1873,1.34661,2.451045e-01,6770.05,4.037696e+06,7951.23,3.439015e+25,4.318288e+25,6.583405e-45,6.008434e-05,1.022831e-07,5.874319e+02,equilibrium,0.898516,1.7690
673,10000,2,0.028248,0.2034,1.37630,2.372688e-01,6722.24,3.873057e+06,8036.64,3.324922e+25,4.171754e+25,6.635413e-45,6.177604e-05,1.086506e-07,5.685755e+02,equilibrium,0.895002,1.7548
673,10000,2,0.030310,0.2200,1.40713,2.296835e-01,6675.52,3.715557e+06,8120.16,3.214640e+25,4.030193e+25,6.687126e-45,6.347840e-05,1.154256e-07,5.499506e+02,equilibrium,0.891494,1.7403
673,10000,2,0.032429,0.2373,1.43912,2.223407e-01,6629.83,3.564850e+06,8201.88,3.108038e+25,3.893441e+25,6.738564e-45,6.519637e-05,1.226345e-07,5.316314e+02,equilibrium,0.887994,1.7256
673,10000,2,0.034604,0.2552,1.47228,2.152327e-01,6585.11,3.420607e+06,8281.89,3.004988e+25,3.761335e+25,6.789744e-45,6.693435e-05,1.303052e-07,5.136737e+02,equilibrium,0.884502,1.7107
673,10000,2,0.036836,0.2738,1.50665,2.083519e-01,6541.31,3.282522e+06,8360.26,2.905369e+25,3.633721e+25,6.840684e-45,6.869637e-05,1.384674e-07,4.961195e+02,equilibrium,0.881020,1.6956
673,10000,2,0.039126,0.2931,1.54223,2.016911e-01,6498.38,3.150304e+06,8437.07,2.809063e+25,3.510447e+25,6.891398e-45,7.048608e-05,1.471529e-07,4.789990e+02,equilibrium,0.877550,1.6803
673,10000,2,0.041475,0.3130,1.57907,1.952432e-01,6456.28,3.023678e+06,8512.37,2.715956e+25,3.391366e+25,6.941900e-45,7.230685e-05,1.563955e-07,4.623334e+02,equilibrium,0.874093,1.6650
673,10000,2,0.043885,0.3336,1.61719,1.890014e-01,6414.95,2.902386e+06,8586.23,2.625939e+25,3.276338e+25,6.992203e-45,7.416184e-05,1.662313e-07,4.461365e+02,equilibrium,0.870648,1.6495
673,10000,2,0.046356,0.3549,1.65661,1.829592e-01,6374.37,2.786184e+06,8658.71,2.538906e+25,3.165223e+25,7.042316e-45,7.605400e-05,1.766988e-07,4.304161e+02,equilibrium,0.867219,1.6339
673,10000,2,0.048890,0.3769,1.69737,1.771102e-01,6334.50,2.674839e+06,8729.86,2.454757e+25,3.057891e+25,7.092249e-45,7.798613e-05,1.878389e-07,4.151756e+02,equilibrium,0.863804,1.6182
673,10000,2,0.051488,0.3997,1.73951,1.714481e-01,6295.31,2.568131e+06,8799.73,2.373393e+25,2.954212e+25,7.142013e-45,7.996092e-05,1.996954e-07,4.004144e+02,equilibrium,0.860405,1.6025
673,10000,2,0.054151,0.4232,1.78305,1.659671e-01,6256.76,2.465854e+06,8868.37,2.294721e+25,2.854062e+25,7.191614e-45,8.198093e-05,2.123149e-07,3.861290e+02,equilibrium,0.857023,1.5867
673,10000,2,0.056882,0.4475,1.82803,1.606613e-01,6218.84,2.367808e+06,8935.82,2.218649e+25,2.757321e+25,7.241059e-45,8.404867e-05,2.257470e-07,3.723135e+02,equilibrium,0.853657,1.5709
673,10000,2,0.059682,0.4726,1.87449,1.555251e-01,6181.50,2.273808e+06,9002.13,2.145089e+25,2.663873e+25,7.290354e-45,8.616659e-05,2.400448e-07,3.589604e+02,equilibrium,0.850309,1.5550
673,10000,2,0.062552,0.4985,1.92247,1.505531e-01,6144.73,2.183674e+06,9067.33,2.073959e+25,2.573606e+25,7.339506e-45,8.833707e-05,2.552648e-07,3.460605e+02,equilibrium,0.846978,1.5392
673,10000,2,0.065495,0.5253,1.97201,1.457400e-01,6108.51,2.097237e+06,9131.47,2.005174e+25,2.486412e+25,7.388518e-45,9.056250e-05,2.714673e-07,3.336038e+02,equilibrium,0.843665,1.5232
673,10000,2,0.068511,0.5530,2.02315,1.410809e-01,6072.81,2.014337e+06,9194.57,1.938658e+25,2.402185e+25,7.437394e-45,9.284523e-05,2.887165e-07,3.215793e+02,equilibrium,0.840371,1.5073
673,10000,2,0.071604,0.5815,2.07595,1.365706e-01,6037.61,1.934820e+06,9256.67,1.874334e+25,2.320824e+25,7.486139e-45,9.518760e-05,3.070810e-07,3.099756e+02,equilibrium,0.837095,1.4913
673,10000,2,0.074775,0.6109,2.13044,1.322046e-01,6002.90,1.858540e+06,9317.80,1.812130e+25,2.242231e+25,7.534755e-45,9.759195e-05,3.266339e-07,2.987808e+02,equilibrium,0.833839,1.4754
673,10000,2,0.078026,0.6413,2.18667,1.279781e-01,5968.66,1.785358e+06,9377.99,1.751973e+25,2.166312e+25,7.583243e-45,1.000607e-04,3.474534e-07,2.879830e+02,equilibrium,0.830601,1.4594
673,10000,2,0.081359,0.6727,2.24469,1.238868e-01,5934.86,1.715142e+06,9437.27,1.693797e+25,2.092976e+25,7.631607e-45,1.025961e-04,3.696226e-07,2.775699e+02,equilibrium,0.827382,1.4434
673,10000,2,0.084778,0.7051,2.30456,1.199262e-01,5901.51,1.647766e+06,9495.67,1.637535e+25,2.022134e+25,7.679847e-45,1.052007e-04,3.932304e-07,2.675293e+02,equilibrium,0.824183,1.4274
673,10000,2,0.088283,0.7384,2.36633,1.160923e-01,5868.57,1.583109e+06,9553.20,1.583123e+25,1.953700e+25,7.727964e-45,1.078768e-04,4.183716e-07,2.578492e+02,equilibrium,0.821003,1.4114
673,10000,2,0.091877,0.7729,2.43006,1.123809e-01,5836.04,1.521057e+06,9609.91,1.530501e+25,1.887594e+25,7.775959e-45,1.106270e-04,4.451474e-07,2.485176e+02,equilibrium,0.817843,1.3954
673,10000,2,0.095563,0.8084,2.49579,1.087882e-01,5803.91,1.461499e+06,9665.80,1.479609e+25,1.823734e+25,7.823832e-45,1.134537e-04,4.736657e-07,2.395227e+02,equilibrium,0.814703,1.3793
673,10000,2,0.099344,0.8451,2.56360,1.053103e-01,5772.15,1.404332e+06,9720.90,1.430389e+25,1.762045e+25,7.871582e-45,1.163596e-04,5.040419e-07,2.308530e+02,equilibrium,0.811582,1.3633
673,10000,2,0.103222,0.8829,2.63354,1.019437e-01,5740.77,1.349455e+06,9775.24,1.382787e+25,1.702453e+25,7.919208e-45,1.193472e-04,5.363988e-07,2.224971e+02,equilibrium,0.808481,1.3473
673,10000,2,0.107199,0.9218,2.70568,9.868462e-02,5709.75,1.296772e+06,9828.83,1.336749e+25,1.644884e+25,7.966711e-45,1.224192e-04,5.708679e-07,2.144439e+02,equilibrium,0.805399,1.3313
673,10000,2,0.111279,0.9621,2.78009,9.552977e-02,5679.08,1.246194e+06,9881.69,1.292224e+25,1.589271e+25,8.014087e-45,1.255783e-04,6.075894e-07,2.066829e+02,equilibrium,0.802337,1.3153
673,10000,2,0.115465,1.0035,2.85682,9.247576e-02,5648.74,1.197632e+06,9933.85,1.249161e+25,1.535547e+25,8.061336e-45,1.288274e-04,6.467130e-07,1.992034e+02,equilibrium,0.799295,1.2993
673,10000,2,0.119760,1.0463,2.93596,8.951940e-02,5618.74,1.151003e+06,9985.31,1.207512e+25,1.483647e+25,8.108455e-45,1.321693e-04,6.883985e-07,1.919953e+02,equilibrium,0.796273,1.2833
673,10000,2,0.124166,1.0904,3.01757,8.665754e-02,5589.06,1.106228e+06,10036.09,1.167231e+25,1.433508e+25,8.155443e-45,1.356069e-04,7.328167e-07,1.850489e+02,equilibrium,0.793270,1.2673
673,10000,2,0.128687,1.1359,3.10173,8.388718e-02,5559.70,1.063231e+06,10086.22,1.128273e+25,1.385071e+25,8.202296e-45,1.391434e-04,7.801501e-07,1.783546e+02,equilibrium,0.790287,1.2513
673,10000,2,0.133326,1.1828,3.18852,8.120538e-02,5530.64,1.021938e+06,10135.71,1.090595e+25,1.338278e+25,8.249012e-45,1.427816e-04,8.305932e-07,1.719032e+02,equilibrium,0.787323,1.2353
673,10000,2,0.138086,1.2312,3.27802,7.860932e-02,5501.87,9.822801e+05,10184.57,1.054154e+25,1.293072e+25,8.295588e-45,1.465250e-04,8.843542e-07,1.656858e+02,equilibrium,0.784379,1.2193
673,10000,2,0.142972,1.2810,3.37031,7.609625e-02,5473.40,9.441905e+05,10232.81,1.018910e+25,1.249399e+25,8.342019e-45,1.503766e-04,9.416555e-07,1.596939e+02,equilibrium,0.781455,1.2033
673,10000,2,0.147987,1.3325,3.46548,7.366352e-02,5445.22,9.076053e+05,10280.46,9.848231e+24,1.207207e+25,8.388303e-45,1.543399e-04,1.002734e-06,1.539190e+02,equilibrium,0.778549,1.1873
673,10000,2,0.153134,1.3855,3.56361,7.130856e-02,5417.31,8.724634e+05,10327.52,9.518563e+24,1.166445e+25,8.434436e-45,1.584184e-04,1.067845e-06,1.483534e+02,equilibrium,0.775663,1.1713
673,10000,2,0.158418,1.4402,3.66481,6.902889e-02,5389.68,8.387064e+05,10374.01,9.199727e+24,1.127065e+25,8.480413e-45,1.626155e-04,1.137258e-06,1.429892e+02,equilibrium,0.772796,1.1553
673,10000,2,0.163842,1.4966,3.76915,6.682210e-02,5362.31,8.062781e+05,10419.94,8.891368e+24,1.089020e+25,8.526231e-45,1.669351e-04,1.211263e-06,1.378190e+02,equilibrium,0.769948,1.1393
673,10000,2,0.169410,1.5547,3.87674,6.468586e-02,5335.20,7.751249e+05,10465.32,8.593144e+24,1.052263e+25,8.571884e-45,1.713807e-04,1.290171e-06,1.328357e+02,equilibrium,0.767119,1.1233
673,10000,2,0.175127,1.6147,3.98768,6.261791e-02,5308.35,7.451955e+05,10510.16,8.304723e+24,1.016752e+25,8.617368e-45,1.759563e-04,1.374312e-06,1.280323e+02,equilibrium,0.764309,1.1073
673,10000,2,0.180997,1.6765,4.10208,6.061607e-02,5281.75,7.164407e+05,10554.48,8.025787e+24,9.824429e+24,8.662679e-45,1.806660e-04,1.464040e-06,1.234024e+02,equilibrium,0.761518,1.0913
673,10000,2,0.187025,1.7403,4.22003,5.867823e-02,5255.40,6.888131e+05,10598.28,7.756024e+24,9.492956e+24,8.707811e-45,1.855137e-04,1.559733e-06,1.189394e+02,equilibrium,0.758745,1.0753
673,10000,2,0.193215,1.8060,4.34166,5.680234e-02,5229.29,6.622677e+05,10641.58,7.495137e+24,9.172704e+24,8.752759e-45,1.905038e-04,1.661797e-06,1.146372e+02,equilibrium,0.755991,1.0593
673,10000,2,0.199571,1.8738,4.46708,5.498642e-02,5203.41,6.367611e+05,10684.39,7.242836e+24,8.863291e+24,8.797518e-45,1.956406e-04,1.770664e-06,1.104899e+02,equilibrium,0.753255,1.0433
673,10000,2,0.206100,1.9437,4.59639,5.322855e-02,5177.78,6.122518e+05,10726.71,6.998841e+24,8.564348e+24,8.842083e-45,2.009286e-04,1.886796e-06,1.064919e+02,equilibrium,0.750537,1.0273
673,10000,2,0.212805,2.0157,4.72974,5.152688e-02,5152.37,5.887000e+05,10768.56,6.762883e+24,8.275518e+24,8.886447e-45,2.063724e-04,2.010688e-06,1.026377e+02,equilibrium,0.747838,1.0113
673,10000,2,0.219692,2.0901,4.86723,4.987961e-02,5127.19,5.660676e+05,10809.94,6.534700e+24,7.996458e+24,8.930605e-45,2.119768e-04,2.142870e-06,9.892190e+01,equilibrium,0.745156,0.9953
673,10000,2,0.226767,2.1667,5.00901,4.828501e-02,5102.23,5.443178e+05,10850.86,6.314038e+24,7.726836e+24,8.974551e-45,2.177467e-04,2.283907e-06,9.533956e+01,equilibrium,0.742492,0.9793
673,10000,2,0.234035,2.2457,5.15520,4.674138e-02,5077.49,5.234158e+05,10891.34,6.100653e+24,7.466329e+24,9.018280e-45,2.236872e-04,2.434405e-06,9.188579e+01,equilibrium,0.739846,0.9632
673,10000,2,0.241502,2.3272,5.30595,4.524710e-02,5052.97,5.033277e+05,10931.37,5.894310e+24,7.214630e+24,9.061786e-45,2.298035e-04,2.595011e-06,8.855589e+01,equilibrium,0.737217,0.9472
673,10000,2,0.249173,2.4112,5.46139,4.380059e-02,5028.66,4.840214e+05,10970.98,5.694779e+24,6.971437e+24,9.105062e-45,2.361010e-04,2.766419e-06,8.534535e+01,equilibrium,0.734605,0.9312
673,10000,2,0.257055,2.4978,5.62167,4.240032e-02,5004.57,4.654659e+05,11010.16,5.501838e+24,6.736463e+24,9.148103e-45,2.425852e-04,2.949370e-06,8.224985e+01,equilibrium,0.732011,0.9151
673,10000,2,0.265154,2.5871,5.78695,4.104482e-02,4980.68,4.476314e+05,11048.92,5.315275e+24,6.509429e+24,9.190902e-45,2.492619e-04,3.144657e-06,7.926520e+01,equilibrium,0.729434,0.8991
673,10000,2,0.273476,2.6792,5.95739,3.973266e-02,4957.00,4.304896e+05,11087.28,5.134881e+24,6.290064e+24,9.233454e-45,2.561369e-04,3.353130e-06,7.638740e+01,equilibrium,0.726874,0.8830
673,10000,2,0.282028,2.7742,6.13313,3.846244e-02,4933.52,4.140130e+05,11125.23,4.960458e+24,6.078108e+24,9.275753e-45,2.632163e-04,3.575697e-06,7.361258e+01,equilibrium,0.724330,0.8670
673,10000,2,0.290817,2.8722,6.31436,3.723283e-02,4910.25,3.981755e+05,11162.79,4.791811e+24,5.873311e+24,9.317791e-45,2.705063e-04,3.813330e-06,7.093704e+01,equilibrium,0.721803,0.8509
673,10000,2,0.299850,2.9732,6.50125,3.604253e-02,4887.17,3.829519e+05,11199.96,4.628752e+24,5.675428e+24,9.359565e-45,2.780135e-04,4.067071e-06,6.835718e+01,equilibrium,0.719292,0.8348
673,10000,2,0.309134,3.0773,6.69396,3.489028e-02,4864.30,3.683179e+05,11236.75,4.471101e+24,5.484227e+24,9.401066e-45,2.857445e-04,4.338035e-06,6.586958e+01,equilibrium,0.716797,0.8187
673,10000,2,0.318677,3.1847,6.89269,3.377487e-02,4841.61,3.542506e+05,11273.16,4.318682e+24,5.299480e+24,9.442290e-45,2.937062e-04,4.627412e-06,6.347093e+01,equilibrium,0.714319,0.8026
673,10000,2,0.328487,3.2955,7.09763,3.269512e-02,4819.12,3.407275e+05,11309.21,4.171325e+24,5.120968e+24,9.483231e-45,3.019055e-04,4.936482e-06,6.115803e+01,equilibrium,0.711856,0.7865
673,10000,2,0.338570,3.4097,7.30897,3.164989e-02,4796.83,3.277273e+05,11344.89,4.028867e+24,4.948481e+24,9.523883e-45,3.103499e-04,5.266610e-06,5.892783e+01,equilibrium,0.709409,0.7703
673,10000,2,0.348937,3.5275,7.52691,3.063807e-02,4774.72,3.152296e+05,11380.21,3.891148e+24,4.781813e+24,9.564240e-45,3.190467e-04,5.619260e-06,5.677736e+01,equilibrium,0.706978,0.7542
673,10000,2,0.359594,3.6489,7.75166,2.965860e-02,4752.80,3.032147e+05,11415.19,3.758015e+24,4.620769e+24,9.604297e-45,3.280039e-04,5.996000e-06,5.470378e+01,equilibrium,0.704562,0.7380
673,10000,2,0.370551,3.7742,7.98344,2.871044e-02,4731.07,2.916636e+05,11449.81,3.629318e+24,4.465158e+24,9.644048e-45,3.372293e-04,6.398508e-06,5.270437e+01,equilibrium,0.702161,0.7218
673,10000,2,0.381817,3.9034,8.22247,2.779259e-02,4709.52,2.805582e+05,11484.10,3.504915e+24,4.314796e+24,9.683488e-45,3.467312e-04,6.828581e-06,5.077647e+01,equilibrium,0.699775,0.7057
673,10000,2,0.393400,4.0366,8.46898,2.690409e-02,4688.16,2.698811e+05,11518.06,3.384665e+24,4.169504e+24,9.722612e-45,3.565182e-04,7.288143e-06,4.891756e+01,equilibrium,0.697404,0.6895
673,10000,2,0.405312,4.1740,8.72320,2.604399e-02,4666.98,2.596155e+05,11551.68,3.268434e+24,4.029113e+24,9.761415e-45,3.665989e-04,7.779257e-06,4.712518e+01,equilibrium,0.695048,0.6733
673,10000,2,0.417560,4.3157,8.98538,2.521138e-02,4645.97,2.497455e+05,11584.98,3.156091e+24,3.893455e+24,9.799892e-45,3.769824e-04,8.304128e-06,4.539699e+01,equilibrium,0.692706,0.6570
673,10000,2,0.430156,4.4618,9.25577,2.440540e-02,4625.15,2.402555e+05,11617.96,3.047510e+24,3.762372e+24,9.838038e-45,3.876780e-04,8.865122e-06,4.373070e+01,equilibrium,0.690378,0.6408
673,10000,2,0.443110,4.6126,9.53463,2.362518e-02,4604.51,2.311307e+05,11650.62,2.942568e+24,3.635708e+24,9.875848e-45,3.986953e-04,9.464772e-06,4.212413e+01,equilibrium,0.688065,0.6245
673,10000,2,0.456433,4.7680,9.82224,2.286990e-02,4584.04,2.223570e+05,11682.98,2.841147e+24,3.513313e+24,9.913320e-45,4.100443e-04,1.010579e-05,4.057518e+01,equilibrium,0.685766,0.6083
673,10000,2,0.470136,4.9283,10.11885,2.213877e-02,4563.75,2.139207e+05,11715.03,2.743133e+24,3.395045e+24,9.950448e-45,4.217350e-04,1.079108e-05,3.908181e+01,equilibrium,0.683480,0.5920
673,10000,2,0.484230,5.0936,10.42478,2.143102e-02,4543.64,2.058085e+05,11746.78,2.648415e+24,3.280762e+24,9.987228e-45,4.337782e-04,1.152376e-05,3.764207e+01,equilibrium,0.681208,0.5757
673,10000,2,0.498727,5.2642,10.74029,2.074589e-02,4523.69,1.980080e+05,11778.24,2.556885e+24,3.170332e+24,1.002366e-44,4.461845e-04,1.230716e-05,3.625405e+01,equilibrium,0.678950,0.5594
673,10000,2,0.513639,5.4400,11.06571,2.008266e-02,4503.92,1.905069e+05,11809.40,2.468439e+24,3.063623e+24,1.005973e-44,4.589653e-04,1.314486e-05,3.491595e+01,equilibrium,0.676705,0.5430
673,10000,2,0.528980,5.6214,11.40135,1.944063e-02,4484.32,1.832937e+05,11840.27,2.382976e+24,2.960510e+24,1.009545e-44,4.721320e-04,1.404068e-05,3.362601e+01,equilibrium,0.674473,0.5267
673,10000,2,0.544761,5.8085,11.74752,1.881913e-02,4464.89,1.763572e+05,11870.87,2.300400e+24,2.860871e+24,1.013081e-44,4.856966e-04,1.499873e-05,3.238253e+01,equilibrium,0.672254,0.5103
673,10000,2,0.560996,6.0015,12.10458,1.821750e-02,4445.62,1.696867e+05,11901.18,2.220615e+24,2.764590e+24,1.016580e-44,4.996714e-04,1.602339e-05,3.118387e+01,equilibrium,0.670048,0.4939
673,10000,2,0.577698,6.2005,12.47285,1.763511e-02,4426.52,1.632717e+05,11931.22,2.143531e+24,2.671552e+24,1.020043e-44,5.140689e-04,1.711939e-05,3.002846e+01,equilibrium,0.667855,0.4775
673,10000,2,0.594883,6.4058,12.85270,1.707133e-02,4407.59,1.571025e+05,11960.98,2.069059e+24,2.581649e+24,1.023469e-44,5.289023e-04,1.829176e-05,2.891479e+01,equilibrium,0.665674,0.4611
673,10000,2,0.612564,6.6176,13.24449,1.652557e-02,4388.82,1.511694e+05,11990.48,1.997113e+24,2.494775e+24,1.026858e-44,5.441850e-04,1.954591e-05,2.784138e+01,equilibrium,0.663506,0.4447
673,10000,2,0.630757,6.8360,13.64861,1.599727e-02,4370.22,1.454634e+05,12019.72,1.927610e+24,2.410828e+24,1.030209e-44,5.599309e-04,2.088764e-05,2.680681e+01,equilibrium,0.661350,0.4282
673,10000,2,0.649477,7.0612,14.06545,1.548585e-02,4351.78,1.399756e+05,12048.69,1.860470e+24,2.329708e+24,1.033523e-44,5.761544e-04,2.232315e-05,2.580973e+01,equilibrium,0.659206,0.4118
673,10000,2,0.652694,7.1000,14.13717,1.540327e-02,4348.73,1.390952e+05,12053.48,1.849617e+24,2.316606e+24,1.034067e-44,6.015416e-04,2.256927e-05,2.665312e+01,equilibrium,0.658846,0.4257
673,10000,4,0.000123,0.0007,1.00058,4.694258e-01,8133.40,9.659673e+06,5587.40,6.775911e+25,8.588733e+25,5.426183e-45,5.431790e-06,3.166714e-08,1.715277e+02,equilibrium,0.964096,1.2343
673,10000,4,0.000758,0.0043,1.00366,4.544187e-01,8035.45,9.222807e+06,5754.21,6.548927e+25,8.301422e+25,5.492377e-45,1.956833e-05,3.349014e-08,5.843011e+02,equilibrium,0.961445,1.7666
673,10000,4,0.001826,0.0105,1.00898,4.398913e-01,7942.05,8.808940e+06,5912.90,6.329578e+25,8.023158e+25,5.557422e-45,3.284712e-05,3.543288e-08,9.270236e+02,equilibrium,0.958673,1.9671
673,10000,4,0.003253,0.0191,1.01629,4.258284e-01,7852.93,8.416663e+06,6064.25,6.117641e+25,7.753732e+25,5.621332e-45,4.394296e-05,3.750300e-08,1.171719e+03,equilibrium,0.955789,2.0688
673,10000,4,0.004988,0.0297,1.02538,4.122151e-01,7767.83,8.044633e+06,6208.96,5.912888e+25,7.492932e+25,5.684140e-45,5.337350e-05,3.970853e-08,1.344132e+03,equilibrium,0.952806,2.1284
673,10000,4,0.006986,0.0422,1.03611,3.990369e-01,7686.49,7.691585e+06,6347.62,5.715091e+25,7.240545e+25,5.745892e-45,6.151858e-05,4.205796e-08,1.462710e+03,equilibrium,0.949733,2.1652
673,10000,4,0.009217,0.0566,1.04834,3.862801e-01,7608.65,7.356334e+06,6480.75,5.524024e+25,6.996354e+25,5.806641e-45,6.866192e-05,4.456026e-08,1.540878e+03,equilibrium,0.946582,2.1878
673,10000,4,0.011655,0.0725,1.06197,3.739310e-01,7534.05,7.037776e+06,6608.83,5.339461e+25,6.760143e+25,5.866448e-45,7.501880e-05,4.722495e-08,1.588542e+03,equilibrium,0.943363,2.2010
673,10000,4,0.014279,0.0900,1.07693,3.619768e-01,7462.45,6.734885e+06,6732.26,5.161181e+25,6.531694e+25,5.925374e-45,8.075486e-05,5.006214e-08,1.613093e+03,equilibrium,0.940083,2.2077
673,10000,4,0.017073,0.1090,1.09315,3.504047e-01,7393.61,6.446712e+06,6851.40,4.988966e+25,6.310788e+25,5.983480e-45,8.599913e-05,5.308257e-08,1.620101e+03,equilibrium,0.936753,2.2095
673,10000,4,0.020025,0.1294,1.11058,3.392026e-01,7327.34,6.172378e+06,6966.58,4.822606e+25,6.097208e+25,6.040828e-45,9.085326e-05,5.629771e-08,1.613800e+03,equilibrium,0.933380,2.2078
673,10000,4,0.023124,0.1511,1.12918,3.283586e-01,7263.43,5.911068e+06,7078.09,4.661894e+25,5.890738e+25,6.097473e-45,9.539817e-05,5.971975e-08,1.597431e+03,equilibrium,0.929971,2.2034
673,10000,4,0.026364,0.1742,1.14893,3.178613e-01,7201.71,5.662033e+06,7186.17,4.506633e+25,5.691164e+25,6.153470e-45,9.969892e-05,6.336168e-08,1.573489e+03,equilibrium,0.926532,2.1969
673,10000,4,0.029737,0.1987,1.16980,3.076995e-01,7142.02,5.424574e+06,7291.07,4.356628e+25,5.498275e+25,6.208869e-45,1.038083e-04,6.723734e-08,1.543908e+03,equilibrium,0.923069,2.1886
673,10000,4,0.033238,0.2244,1.19177,2.978626e-01,7084.20,5.198047e+06,7392.99,4.211695e+25,5.311862e+25,6.263718e-45,1.077695e-04,7.136152e-08,1.510191e+03,equilibrium,0.919587,2.1790
673,10000,4,0.036865,0.2514,1.21484,2.883402e-01,7028.13,4.981854e+06,7492.12,4.071655e+25,5.131723e+25,6.318058e-45,1.116183e-04,7.574994e-08,1.473510e+03,equilibrium,0.916091,2.1684
673,10000,4,0.040614,0.2796,1.23900,2.791223e-01,6973.68,4.775437e+06,7588.62,3.936334e+25,4.957656e+25,6.371930e-45,1.153844e-04,8.041938e-08,1.434783e+03,equilibrium,0.912584,2.1568
673,10000,4,0.044483,0.3092,1.26425,2.701990e-01,6920.75,4.578280e+06,7682.65,3.805566e+25,4.789468e+25,6.425369e-45,1.190928e-04,8.538771e-08,1.394730e+03,equilibrium,0.909070,2.1445
673,10000,4,0.048472,0.3400,1.29060,2.615610e-01,6869.22,4.389900e+06,7774.34,3.679192e+25,4.626967e+25,6.478408e-45,1.227648e-04,9.067401e-08,1.353914e+03,equilibrium,0.905552,2.1316
673,10000,4,0.052579,0.3721,1.31805,2.531991e-01,6819.01,4.209846e+06,7863.83,3.557058e+25,4.469967e+25,6.531078e-45,1.264185e-04,9.629857e-08,1.312776e+03,equilibrium,0.902033,2.1182
673,10000,4,0.056806,0.4055,1.34661,2.451045e-01,6770.05,4.037696e+06,7951.23,3.439015e+25,4.318288e+25,6.583405e-45,1.300696e-04,1.022831e-07,1.271663e+03,equilibrium,0.898516,2.1044
673,10000,4,0.061151,0.4403,1.37630,2.372688e-01,6722.24,3.873057e+06,8036.64,3.324922e+25,4.171754e+25,6.635413e-45,1.337317e-04,1.086506e-07,1.230843e+03,equilibrium,0.895002,2.0902
673,10000,4,0.065616,0.4763,1.40713,2.296835e-01,6675.52,3.715557e+06,8120.16,3.214640e+25,4.030193e+25,6.687126e-45,1.374170e-04,1.154256e-07,1.190524e+03,equilibrium,0.891494,2.0757
673,10000,4,0.070201,0.5137,1.43912,2.223407e-01,6629.83,3.564850e+06,8201.88,3.108038e+25,3.893441e+25,6.738564e-45,1.411360e-04,1.226345e-07,1.150867e+03,equilibrium,0.887994,2.0610
673,10000,4,0.074909,0.5525,1.47228,2.152327e-01,6585.11,3.420607e+06,8281.89,3.004988e+25,3.761335e+25,6.789744e-45,1.448984e-04,1.303052e-07,1.111992e+03,equilibrium,0.884502,2.0461
673,10000,4,0.079741,0.5928,1.50665,2.083519e-01,6541.31,3.282522e+06,8360.26,2.905369e+25,3.633721e+25,6.840684e-45,1.487127e-04,1.384674e-07,1.073991e+03,equilibrium,0.881020,2.0310
673,10000,4,0.084699,0.6344,1.54223,2.016911e-01,6498.38,3.150304e+06,8437.07,2.809063e+25,3.510447e+25,6.891398e-45,1.525871e-04,1.471529e-07,1.036929e+03,equilibrium,0.877550,2.0157
673,10000,4,0.089785,0.6775,1.57907,1.952432e-01,6456.28,3.023678e+06,8512.37,2.715956e+25,3.391366e+25,6.941900e-45,1.565287e-04,1.563955e-07,1.000851e+03,equilibrium,0.874093,2.0004
673,10000,4,0.095001,0.7221,1.61719,1.890014e-01,6414.95,2.902386e+06,8586.23,2.625939e+25,3.276338e+25,6.992203e-45,1.605443e-04,1.662313e-07,9.657887e+02,equilibrium,0.870648,1.9849
673,10000,4,0.100350,0.7682,1.65661,1.829592e-01,6374.37,2.786184e+06,8658.71,2.538906e+25,3.165223e+25,7.042316e-45,1.646404e-04,1.766988e-07,9.317576e+02,equilibrium,0.867219,1.9693
673,10000,4,0.105836,0.8159,1.69737,1.771102e-01,6334.50,2.674839e+06,8729.86,2.454757e+25,3.057891e+25,7.092249e-45,1.688231e-04,1.878389e-07,8.987652e+02,equilibrium,0.863804,1.9536
673,10000,4,0.111460,0.8652,1.73951,1.714481e-01,6295.31,2.568131e+06,8799.73,2.373393e+25,2.954212e+25,7.142013e-45,1.730980e-04,1.996954e-07,8.668103e+02,equilibrium,0.860405,1.9379
673,10000,4,0.117226,0.9161,1.78305,1.659671e-01,6256.76,2.465854e+06,8868.37,2.294721e+25,2.854062e+25,7.191614e-45,1.774709e-04,2.123149e-07,8.358855e+02,equilibrium,0.857023,1.9221
673,10000,4,0.123138,0.9688,1.82803,1.606613e-01,6218.84,2.367808e+06,8935.82,2.218649e+25,2.757321e+25,7.241059e-45,1.819471e-04,2.257470e-07,8.059780e+02,equilibrium,0.853657,1.9063
673,10000,4,0.129198,1.0231,1.87449,1.555251e-01,6181.50,2.273808e+06,9002.13,2.145089e+25,2.663873e+25,7.290354e-45,1.865320e-04,2.400448e-07,7.770714e+02,equilibrium,0.850309,1.8905
673,10000,4,0.135412,1.0793,1.92247,1.505531e-01,6144.73,2.183674e+06,9067.33,2.073959e+25,2.573606e+25,7.339506e-45,1.912306e-04,2.552648e-07,7.491459e+02,equilibrium,0.846978,1.8746
673,10000,4,0.141782,1.1372,1.97201,1.457400e-01,6108.51,2.097237e+06,9131.47,2.005174e+25,2.486412e+25,7.388518e-45,1.960482e-04,2.714673e-07,7.221798e+02,equilibrium,0.843665,1.8586
673,10000,4,0.148312,1.1970,2.02315,1.410809e-01,6072.81,2.014337e+06,9194.57,1.938658e+25,2.402185e+25,7.437394e-45,2.009898e-04,2.887165e-07,6.961494e+02,equilibrium,0.840371,1.8427
673,10000,4,0.155007,1.2588,2.07595,1.365706e-01,6037.61,1.934820e+06,9256.67,1.874334e+25,2.320824e+25,7.486139e-45,2.060605e-04,3.070810e-07,6.710299e+02,equilibrium,0.837095,1.8267
673,10000,4,0.161871,1.3226,2.13044,1.322046e-01,6002.90,1.858540e+06,9317.80,1.812130e+25,2.242231e+25,7.534755e-45,2.112654e-04,3.266339e-07,6.467957e+02,equilibrium,0.833839,1.8108
673,10000,4,0.168909,1.3884,2.18667,1.279781e-01,5968.66,1.785358e+06,9377.99,1.751973e+25,2.166312e+25,7.583243e-45,2.166096e-04,3.474534e-07,6.234207e+02,equilibrium,0.830601,1.7948
673,10000,4,0.176126,1.4562,2.24469,1.238868e-01,5934.86,1.715142e+06,9437.27,1.693797e+25,2.092976e+25,7.631607e-45,2.220983e-04,3.696226e-07,6.008786e+02,equilibrium,0.827382,1.7788
673,10000,4,0.183525,1.5263,2.30456,1.199262e-01,5901.51,1.647766e+06,9495.67,1.637535e+25,2.022134e+25,7.679847e-45,2.277366e-04,3.932304e-07,5.791430e+02,equilibrium,0.824183,1.7628
673,10000,4,0.191113,1.5986,2.36633,1.160923e-01,5868.57,1.583109e+06,9553.20,1.583123e+25,1.953700e+25,7.727964e-45,2.335299e-04,4.183716e-07,5.581877e+02,equilibrium,0.821003,1.7468
673,10000,4,0.198894,1.6731,2.43006,1.123809e-01,5836.04,1.521057e+06,9609.91,1.530501e+25,1.887594e+25,7.775959e-45,2.394834e-04,4.451474e-07,5.379868e+02,equilibrium,0.817843,1.7308
673,10000,4,0.206874,1.7500,2.49579,1.087882e-01,5803.91,1.461499e+06,9665.80,1.479609e+25,1.823734e+25,7.823832e-45,2.456027e-04,4.736657e-07,5.185148e+02,equilibrium,0.814703,1.7148
673,10000,4,0.215058,1.8294,2.56360,1.053103e-01,5772.15,1.404332e+06,9720.90,1.430389e+25,1.762045e+25,7.871582e-45,2.518932e-04,5.040419e-07,4.997467e+02,equilibrium,0.811582,1.6987
673,10000,4,0.223453,1.9112,2.63354,1.019437e-01,5740.77,1.349455e+06,9775.24,1.382787e+25,1.702453e+25,7.919208e-45,2.583607e-04,5.363988e-07,4.816579e+02,equilibrium,0.808481,1.6827
673,10000,4,0.232063,1.9956,2.70568,9.868462e-02,5709.75,1.296772e+06,9828.83,1.336749e+25,1.644884e+25,7.966711e-45,2.650110e-04,5.708679e-07,4.642246e+02,equilibrium,0.805399,1.6667
673,10000,4,0.240896,2.0826,2.78009,9.552977e-02,5679.08,1.246194e+06,9881.69,1.292224e+25,1.589271e+25,8.014087e-45,2.718498e-04,6.075894e-07,4.474236e+02,equilibrium,0.802337,1.6507
673,10000,4,0.249957,2.1724,2.85682,9.247576e-02,5648.74,1.197632e+06,9933.85,1.249161e+25,1.535547e+25,8.061336e-45,2.788834e-04,6.467130e-07,4.312321e+02,equilibrium,0.799295,1.6347
673,10000,4,0.259253,2.2650,2.93596,8.951940e-02,5618.74,1.151003e+06,9985.31,1.207512e+25,1.483647e+25,8.108455e-45,2.861179e-04,6.883985e-07,4.156282e+02,equilibrium,0.796273,1.6187
673,10000,4,0.268792,2.3605,3.01757,8.665754e-02,5589.06,1.106228e+06,10036.09,1.167231e+25,1.433508e+25,8.155443e-45,2.935596e-04,7.328167e-07,4.005908e+02,equilibrium,0.793270,1.6027
673,10000,4,0.278578,2.4589,3.10173,8.388718e-02,5559.70,1.063231e+06,10086.22,1.128273e+25,1.385071e+25,8.202296e-45,3.012152e-04,7.801501e-07,3.860990e+02,equilibrium,0.790287,1.5867
673,10000,4,0.288621,2.5605,3.18852,8.120538e-02,5530.64,1.021938e+06,10135.71,1.090595e+25,1.338278e+25,8.249012e-45,3.090913e-04,8.305932e-07,3.721331e+02,equilibrium,0.787323,1.5707
673,10000,4,0.298927,2.6652,3.27802,7.860932e-02,5501.87,9.822801e+05,10184.57,1.054154e+25,1.293072e+25,8.295588e-45,3.171947e-04,8.843542e-07,3.586739e+02,equilibrium,0.784379,1.5547
673,10000,4,0.309504,2.7732,3.37031,7.609625e-02,5473.40,9.441905e+05,10232.81,1.018910e+25,1.249399e+25,8.342019e-45,3.255327e-04,9.416555e-07,3.457026e+02,equilibrium,0.781455,1.5387
673,10000,4,0.320360,2.8845,3.46548,7.366352e-02,5445.22,9.076053e+05,10280.46,9.848231e+24,1.207207e+25,8.388303e-45,3.341124e-04,1.002734e-06,3.332013e+02,equilibrium,0.778549,1.5227
673,10000,4,0.331503,2.9993,3.56361,7.130856e-02,5417.31,8.724634e+05,10327.52,9.518563e+24,1.166445e+25,8.434436e-45,3.429414e-04,1.067845e-06,3.211529e+02,equilibrium,0.775663,1.5067
673,10000,4,0.342940,3.1177,3.66481,6.902889e-02,5389.68,8.387064e+05,10374.01,9.199727e+24,1.127065e+25,8.480413e-45,3.520274e-04,1.137258e-06,3.095405e+02,equilibrium,0.772796,1.4907
673,10000,4,0.354682,3.2398,3.76915,6.682210e-02,5362.31,8.062781e+05,10419.94,8.891368e+24,1.089020e+25,8.526231e-45,3.613782e-04,1.211263e-06,2.983482e+02,equilibrium,0.769948,1.4747
673,10000,4,0.366736,3.3657,3.87674,6.468586e-02,5335.20,7.751249e+05,10465.32,8.593144e+24,1.052263e+25,8.571884e-45,3.710020e-04,1.290171e-06,2.875604e+02,equilibrium,0.767119,1.4587
673,10000,4,0.379113,3.4955,3.98768,6.261791e-02,5308.35,7.451955e+05,10510.16,8.304723e+24,1.016752e+25,8.617368e-45,3.809073e-04,1.374312e-06,2.771623e+02,equilibrium,0.764309,1.4427
673,10000,4,0.391820,3.6293,4.10208,6.061607e-02,5281.75,7.164407e+05,10554.48,8.025787e+24,9.824429e+24,8.662679e-45,3.911026e-04,1.464040e-06,2.671394e+02,equilibrium,0.761518,1.4267
673,10000,4,0.404868,3.7673,4.22003,5.867823e-02,5255.40,6.888131e+05,10598.28,7.756024e+24,9.492956e+24,8.707811e-45,4.015969e-04,1.559733e-06,2.574779e+02,equilibrium,0.758745,1.4107
673,10000,4,0.418268,3.9096,4.34166,5.680234e-02,5229.29,6.622677e+05,10641.58,7.495137e+24,9.172704e+24,8.752759e-45,4.123994e-04,1.661797e-06,2.481647e+02,equilibrium,0.755991,1.3947
673,10000,4,0.432028,4.0563,4.46708,5.498642e-02,5203.41,6.367611e+05,10684.39,7.242836e+24,8.863291e+24,8.797518e-45,4.235194e-04,1.770664e-06,2.391868e+02,equilibrium,0.753255,1.3787
673,10000,4,0.446161,4.2076,4.59639,5.322855e-02,5177.78,6.122518e+05,10726.71,6.998841e+24,8.564348e+24,8.842083e-45,4.349667e-04,1.886796e-06,2.305319e+02,equilibrium,0.750537,1.3627
673,10000,4,0.460677,4.3636,4.72974,5.152688e-02,5152.37,5.887000e+05,10768.56,6.762883e+24,8.275518e+24,8.886447e-45,4.467514e-04,2.010688e-06,2.221883e+02,equilibrium,0.747838,1.3467
673,10000,4,0.475586,4.5245,4.86723,4.987961e-02,5127.19,5.660676e+05,10809.94,6.534700e+24,7.996458e+24,8.930605e-45,4.588837e-04,2.142870e-06,2.141445e+02,equilibrium,0.745156,1.3307
673,10000,4,0.490902,4.6904,5.00901,4.828501e-02,5102.23,5.443178e+05,10850.86,6.314038e+24,7.726836e+24,8.974551e-45,4.713744e-04,2.283907e-06,2.063895e+02,equilibrium,0.742492,1.3147
673,10000,4,0.506635,4.8614,5.15520,4.674138e-02,5077.49,5.234158e+05,10891.34,6.100653e+24,7.466329e+24,9.018280e-45,4.842343e-04,2.434405e-06,1.989128e+02,equilibrium,0.739846,1.2987
673,10000,4,0.522799,5.0378,5.30595,4.524710e-02,5052.97,5.033277e+05,10931.37,5.894310e+24,7.214630e+24,9.061786e-45,4.974747e-04,2.595011e-06,1.917043e+02,equilibrium,0.737217,1.2826
673,10000,4,0.539405,5.2196,5.46139,4.380059e-02,5028.66,4.840214e+05,10970.98,5.694779e+24,6.971437e+24,9.105062e-45,5.111074e-04,2.766419e-06,1.847542e+02,equilibrium,0.734605,1.2666
673,10000,4,0.556468,5.4072,5.62167,4.240032e-02,5004.57,4.654659e+05,11010.16,5.501838e+24,6.736463e+24,9.148103e-45,5.251443e-04,2.949370e-06,1.780531e+02,equilibrium,0.732011,1.2505
673,10000,4,0.574000,5.6005,5.78695,4.104482e-02,4980.68,4.476314e+05,11048.92,5.315275e+24,6.509429e+24,9.190902e-45,5.395979e-04,3.144657e-06,1.715920e+02,equilibrium,0.729434,1.2345
673,10000,4,0.592016,5.7999,5.95739,3.973266e-02,4957.00,4.304896e+05,11087.28,5.134881e+24,6.290064e+24,9.233454e-45,5.544807e-04,3.353130e-06,1.653622e+02,equilibrium,0.726874,1.2184
673,10000,4,0.610530,6.0056,6.13313,3.846244e-02,4933.52,4.140130e+05,11125.23,4.960458e+24,6.078108e+24,9.275753e-45,5.698061e-04,3.575697e-06,1.593553e+02,equilibrium,0.724330,1.2024
673,10000,4,0.629556,6.2176,6.31436,3.723283e-02,4910.25,3.981755e+05,11162.79,4.791811e+24,5.873311e+24,9.317791e-45,5.855875e-04,3.813330e-06,1.535633e+02,equilibrium,0.721803,1.1863
673,10000,4,0.649111,6.4362,6.50125,3.604253e-02,4887.17,3.829519e+05,11199.96,4.628752e+24,5.675428e+24,9.359565e-45,6.018390e-04,4.067071e-06,1.479785e+02,equilibrium,0.719292,1.1702
673,10000,4,0.669209,6.6617,6.69396,3.489028e-02,4864.30,3.683179e+05,11236.75,4.471101e+24,5.484227e+24,9.401066e-45,6.185749e-04,4.338035e-06,1.425934e+02,equilibrium,0.716797,1.1541
673,10000,4,0.689867,6.8942,6.89269,3.377487e-02,4841.61,3.542506e+05,11273.16,4.318682e+24,5.299480e+24,9.442290e-45,6.358101e-04,4.627412e-06,1.374008e+02,equilibrium,0.714319,1.1380
673,10000,4,0.708097,7.1000,7.06858,3.284816e-02,4822.31,3.426442e+05,11304.10,4.192159e+24,5.146217e+24,9.477404e-45,6.552278e-04,4.890855e-06,1.339700e+02,equilibrium,0.712201,1.1270
673,10000,7,0.000245,0.0014,1.00058,4.694258e-01,8133.40,9.659673e+06,5587.40,6.775911e+25,8.588733e+25,5.426183e-45,1.084607e-05,3.166714e-08,3.425024e+02,equilibrium,0.964096,1.5347
673,10000,7,0.001514,0.0086,1.00366,4.544187e-01,8035.45,9.222807e+06,5754.21,6.548927e+25,8.301422e+25,5.492377e-45,3.907357e-05,3.349014e-08,1.166719e+03,equilibrium,0.961445,2.0670
673,10000,7,0.003645,0.0210,1.00898,4.398913e-01,7942.05,8.808940e+06,5912.90,6.329578e+25,8.023158e+25,5.557422e-45,6.558834e-05,3.543288e-08,1.851059e+03,equilibrium,0.958673,2.2674
673,10000,7,0.006496,0.0380,1.01629,4.258284e-01,7852.93,8.416663e+06,6064.25,6.117641e+25,7.753732e+25,5.621332e-45,8.774426e-05,3.750300e-08,2.339660e+03,equilibrium,0.955789,2.3692
673,10000,7,0.009959,0.0593,1.02538,4.122151e-01,7767.83,8.044633e+06,6208.96,5.912888e+25,7.492932e+25,5.684140e-45,1.065749e-04,3.970853e-08,2.683931e+03,equilibrium,0.952806,2.4288
673,10000,7,0.013950,0.0844,1.03611,3.990369e-01,7686.49,7.691585e+06,6347.62,5.715091e+25,7.240545e+25,5.745892e-45,1.228388e-04,4.205796e-08,2.920704e+03,equilibrium,0.949733,2.4655
673,10000,7,0.018405,0.1129,1.04834,3.862801e-01,7608.65,7.356334e+06,6480.75,5.524024e+25,6.996354e+25,5.806641e-45,1.371025e-04,4.456026e-08,3.076788e+03,equilibrium,0.946582,2.4881
673,10000,7,0.023272,0.1448,1.06197,3.739310e-01,7534.05,7.037776e+06,6608.83,5.339461e+25,6.760143e+25,5.866448e-45,1.497958e-04,4.722495e-08,3.171962e+03,equilibrium,0.943363,2.5013
673,10000,7,0.028511,0.1797,1.07693,3.619768e-01,7462.45,6.734885e+06,6732.26,5.161181e+25,6.531694e+25,5.925374e-45,1.612494e-04,5.006214e-08,3.220985e+03,equilibrium,0.940083,2.5080
673,10000,7,0.034091,0.2176,1.09315,3.504047e-01,7393.61,6.446712e+06,6851.40,4.988966e+25,6.310788e+25,5.983480e-45,1.717210e-04,5.308257e-08,3.234979e+03,equilibrium,0.936753,2.5099
673,10000,7,0.039985,0.2583,1.11058,3.392026e-01,7327.34,6.172378e+06,6966.58,4.822606e+25,6.097208e+25,6.040828e-45,1.814136e-04,5.629771e-08,3.222398e+03,equilibrium,0.933380,2.5082
673,10000,7,0.046174,0.3018,1.12918,3.283586e-01,7263.43,5.911068e+06,7078.09,4.661894e+25,5.890738e+25,6.097473e-45,1.904888e-04,5.971975e-08,3.189712e+03,equilibrium,0.929971,2.5038
673,10000,7,0.052642,0.3479,1.14893,3.178613e-01,7201.71,5.662033e+06,7186.17,4.506633e+25,5.691164e+25,6.153470e-45,1.990764e-04,6.336168e-08,3.141906e+03,equilibrium,0.926532,2.4972
673,10000,7,0.059377,0.3967,1.16980,3.076995e-01,7142.02,5.424574e+06,7291.07,4.356628e+25,5.498275e+25,6.208869e-45,2.072819e-04,6.723734e-08,3.082839e+03,equilibrium,0.923069,2.4890
673,10000,7,0.066369,0.4480,1.19177,2.978626e-01,7084.20,5.198047e+06,7392.99,4.211695e+25,5.311862e+25,6.263718e-45,2.151916e-04,7.136152e-08,3.015513e+03,equilibrium,0.919587,2.4794
673,10000,7,0.073611,0.5019,1.21484,2.883402e-01,7028.13,4.981854e+06,7492.12,4.071655e+25,5.131723e+25,6.318058e-45,2.228767e-04,7.574994e-08,2.942269e+03,equilibrium,0.916091,2.4687
673,10000,7,0.081096,0.5583,1.23900,2.791223e-01,6973.68,4.775437e+06,7588.62,3.936334e+25,4.957656e+25,6.371930e-45,2.303968e-04,8.041938e-08,2.864941e+03,equilibrium,0.912584,2.4571
673,10000,7,0.088823,0.6173,1.26425,2.701990e-01,6920.75,4.578280e+06,7682.65,3.805566e+25,4.789468e+25,6.425369e-45,2.378017e-04,8.538771e-08,2.784963e+03,equilibrium,0.909070,2.4448
673,10000,7,0.096788,0.6789,1.29060,2.615610e-01,6869.22,4.389900e+06,7774.34,3.679192e+25,4.626967e+25,6.478408e-45,2.451338e-04,9.067401e-08,2.703463e+03,equilibrium,0.905552,2.4319
673,10000,7,0.104989,0.7430,1.31805,2.531991e-01,6819.01,4.209846e+06,7863.83,3.557058e+25,4.469967e+25,6.531078e-45,2.524294e-04,9.629857e-08,2.621320e+03,equilibrium,0.902033,2.4185
673,10000,7,0.113428,0.8097,1.34661,2.451045e-01,6770.05,4.037696e+06,7951.23,3.439015e+25,4.318288e+25,6.583405e-45,2.597198e-04,1.022831e-07,2.539226e+03,equilibrium,0.898516,2.4047
673,10000,7,0.122104,0.8791,1.37630,2.372688e-01,6722.24,3.873057e+06,8036.64,3.324922e+25,4.171754e+25,6.635413e-45,2.670323e-04,1.086506e-07,2.457717e+03,equilibrium,0.895002,2.3905
673,10000,7,0.131020,0.9511,1.40713,2.296835e-01,6675.52,3.715557e+06,8120.16,3.214640e+25,4.030193e+25,6.687126e-45,2.743909e-04,1.154256e-07,2.377210e+03,equilibrium,0.891494,2.3761
673,10000,7,0.140176,1.0258,1.43912,2.223407e-01,6629.83,3.564850e+06,8201.88,3.108038e+25,3.893441e+25,6.738564e-45,2.818170e-04,1.226345e-07,2.298023e+03,equilibrium,0.887994,2.3614
673,10000,7,0.149577,1.1033,1.47228,2.152327e-01,6585.11,3.420607e+06,8281.89,3.004988e+25,3.761335e+25,6.789744e-45,2.893296e-04,1.303052e-07,2.220400e+03,equilibrium,0.884502,2.3464
673,10000,7,0.159225,1.1836,1.50665,2.083519e-01,6541.31,3.282522e+06,8360.26,2.905369e+25,3.633721e+25,6.840684e-45,2.969461e-04,1.384674e-07,2.144520e+03,equilibrium,0.881020,2.3313
673,10000,7,0.169125,1.2667,1.54223,2.016911e-01,6498.38,3.150304e+06,8437.07,2.809063e+25,3.510447e+25,6.891398e-45,3.046822e-04,1.471529e-07,2.070515e+03,equilibrium,0.877550,2.3161
673,10000,7,0.179280,1.3528,1.57907,1.952432e-01,6456.28,3.023678e+06,8512.37,2.715956e+25,3.391366e+25,6.941900e-45,3.125527e-04,1.563955e-07,1.998476e+03,equilibrium,0.874093,2.3007
673,10000,7,0.189696,1.4418,1.61719,1.890014e-01,6414.95,2.902386e+06,8586.23,2.625939e+25,3.276338e+25,6.992203e-45,3.205711e-04,1.662313e-07,1.928464e+03,equilibrium,0.870648,2.2852
673,10000,7,0.200377,1.5339,1.65661,1.829592e-01,6374.37,2.786184e+06,8658.71,2.538906e+25,3.165223e+25,7.042316e-45,3.287501e-04,1.766988e-07,1.860511e+03,equilibrium,0.867219,2.2696
673,10000,7,0.211330,1.6292,1.69737,1.771102e-01,6334.50,2.674839e+06,8729.86,2.454757e+25,3.057891e+25,7.092249e-45,3.371019e-04,1.878389e-07,1.794633e+03,equilibrium,0.863804,2.2540
673,10000,7,0.222560,1.7276,1.73951,1.714481e-01,6295.31,2.568131e+06,8799.73,2.373393e+25,2.954212e+25,7.142013e-45,3.456381e-04,1.996954e-07,1.730826e+03,equilibrium,0.860405,2.2383
673,10000,7,0.234074,1.8293,1.78305,1.659671e-01,6256.76,2.465854e+06,8868.37,2.294721e+25,2.854062e+25,7.191614e-45,3.543697e-04,2.123149e-07,1.669076e+03,equilibrium,0.857023,2.2225
673,10000,7,0.245878,1.9344,1.82803,1.606613e-01,6218.84,2.367808e+06,8935.82,2.218649e+25,2.757321e+25,7.241059e-45,3.633077e-04,2.257470e-07,1.609358e+03,equilibrium,0.853657,2.2067
673,10000,7,0.257980,2.0429,1.87449,1.555251e-01,6181.50,2.273808e+06,9002.13,2.145089e+25,2.663873e+25,7.290354e-45,3.724626e-04,2.400448e-07,1.551638e+03,equilibrium,0.850309,2.1908
673,10000,7,0.270387,2.1550,1.92247,1.505531e-01,6144.73,2.183674e+06,9067.33,2.073959e+25,2.573606e+25,7.339506e-45,3.818447e-04,2.552648e-07,1.495877e+03,equilibrium,0.846978,2.1749
673,10000,7,0.283106,2.2708,1.97201,1.457400e-01,6108.51,2.097237e+06,9131.47,2.005174e+25,2.486412e+25,7.388518e-45,3.914643e-04,2.714673e-07,1.442031e+03,equilibrium,0.843665,2.1590
673,10000,7,0.296146,2.3902,2.02315,1.410809e-01,6072.81,2.014337e+06,9194.57,1.938658e+25,2.402185e+25,7.437394e-45,4.013316e-04,2.887165e-07,1.390055e+03,equilibrium,0.840371,2.1430
673,10000,7,0.309514,2.5136,2.07595,1.365706e-01,6037.61,1.934820e+06,9256.67,1.874334e+25,2.320824e+25,7.486139e-45,4.114567e-04,3.070810e-07,1.339897e+03,equilibrium,0.837095,2.1271
673,10000,7,0.323221,2.6409,2.13044,1.322046e-01,6002.90,1.858540e+06,9317.80,1.812130e+25,2.242231e+25,7.534755e-45,4.218498e-04,3.266339e-07,1.291506e+03,equilibrium,0.833839,2.1111
673,10000,7,0.337274,2.7722,2.18667,1.279781e-01,5968.66,1.785358e+06,9377.99,1.751973e+25,2.166312e+25,7.583243e-45,4.325210e-04,3.474534e-07,1.244832e+03,equilibrium,0.830601,2.0951
673,10000,7,0.351683,2.9078,2.24469,1.238868e-01,5934.86,1.715142e+06,9437.27,1.693797e+25,2.092976e+25,7.631607e-45,4.434806e-04,3.696226e-07,1.199820e+03,equilibrium,0.827382,2.0791
673,10000,7,0.366458,3.0477,2.30456,1.199262e-01,5901.51,1.647766e+06,9495.67,1.637535e+25,2.022134e+25,7.679847e-45,4.547391e-04,3.932304e-07,1.156419e+03,equilibrium,0.824183,2.0631
673,10000,7,0.381609,3.1920,2.36633,1.160923e-01,5868.57,1.583109e+06,9553.20,1.583123e+25,1.953700e+25,7.727964e-45,4.663069e-04,4.183716e-07,1.114576e+03,equilibrium,0.821003,2.0471
673,10000,7,0.397146,3.3408,2.43006,1.123809e-01,5836.04,1.521057e+06,9609.91,1.530501e+25,1.887594e+25,7.775959e-45,4.781948e-04,4.451474e-07,1.074239e+03,equilibrium,0.817843,2.0311
673,10000,7,0.413081,3.4944,2.49579,1.087882e-01,5803.91,1.461499e+06,9665.80,1.479609e+25,1.823734e+25,7.823832e-45,4.904136e-04,4.736657e-07,1.035358e+03,equilibrium,0.814703,2.0151
673,10000,7,0.429423,3.6528,2.56360,1.053103e-01,5772.15,1.404332e+06,9720.90,1.430389e+25,1.762045e+25,7.871582e-45,5.029744e-04,5.040419e-07,9.978823e+02,equilibrium,0.811582,1.9991
673,10000,7,0.446185,3.8162,2.63354,1.019437e-01,5740.77,1.349455e+06,9775.24,1.382787e+25,1.702453e+25,7.919208e-45,5.158886e-04,5.363988e-07,9.617631e+02,equilibrium,0.808481,1.9831
673,10000,7,0.463378,3.9847,2.70568,9.868462e-02,5709.75,1.296772e+06,9828.83,1.336749e+25,1.644884e+25,7.966711e-45,5.291676e-04,5.708679e-07,9.269527e+02,equilibrium,0.805399,1.9671
673,10000,7,0.481015,4.1585,2.78009,9.552977e-02,5679.08,1.246194e+06,9881.69,1.292224e+25,1.589271e+25,8.014087e-45,5.428233e-04,6.075894e-07,8.934047e+02,equilibrium,0.802337,1.9510
673,10000,7,0.499108,4.3378,2.85682,9.247576e-02,5648.74,1.197632e+06,9933.85,1.249161e+25,1.535547e+25,8.061336e-45,5.568677e-04,6.467130e-07,8.610740e+02,equilibrium,0.799295,1.9350
673,10000,7,0.517671,4.5227,2.93596,8.951940e-02,5618.74,1.151003e+06,9985.31,1.207512e+25,1.483647e+25,8.108455e-45,5.713133e-04,6.883985e-07,8.299166e+02,equilibrium,0.796273,1.9190
673,10000,7,0.536717,4.7133,3.01757,8.665754e-02,5589.06,1.106228e+06,10036.09,1.167231e+25,1.433508e+25,8.155443e-45,5.861729e-04,7.328167e-07,7.998901e+02,equilibrium,0.793270,1.9030
673,10000,7,0.556259,4.9100,3.10173,8.388718e-02,5559.70,1.063231e+06,10086.22,1.128273e+25,1.385071e+25,8.202296e-45,6.014593e-04,7.801501e-07,7.709534e+02,equilibrium,0.790287,1.8870
673,10000,7,0.576312,5.1127,3.18852,8.120538e-02,5530.64,1.021938e+06,10135.71,1.090595e+25,1.338278e+25,8.249012e-45,6.171861e-04,8.305932e-07,7.430666e+02,equilibrium,0.787323,1.8710
673,10000,7,0.596891,5.3218,3.27802,7.860932e-02,5501.87,9.822801e+05,10184.57,1.054154e+25,1.293072e+25,8.295588e-45,6.333669e-04,8.843542e-07,7.161914e+02,equilibrium,0.784379,1.8550
673,10000,7,0.618011,5.5374,3.37031,7.609625e-02,5473.40,9.441905e+05,10232.81,1.018910e+25,1.249399e+25,8.342019e-45,6.500160e-04,9.416555e-07,6.902907e+02,equilibrium,0.781455,1.8390
673,10000,7,0.639687,5.7597,3.46548,7.366352e-02,5445.22,9.076053e+05,10280.46,9.848231e+24,1.207207e+25,8.388303e-45,6.671478e-04,1.002734e-06,6.653285e+02,equilibrium,0.778549,1.8230
673,10000,7,0.661937,5.9890,3.56361,7.130856e-02,5417.31,8.724634e+05,10327.52,9.518563e+24,1.166445e+25,8.434436e-45,6.847773e-04,1.067845e-06,6.412705e+02,equilibrium,0.775663,1.8070
673,10000,7,0.684775,6.2254,3.66481,6.902889e-02,5389.68,8.387064e+05,10374.01,9.199727e+24,1.127065e+25,8.480413e-45,7.029199e-04,1.137258e-06,6.180832e+02,equilibrium,0.772796,1.7910
673,10000,7,0.708221,6.4691,3.76915,6.682210e-02,5362.31,8.062781e+05,10419.94,8.891368e+24,1.089020e+25,8.526231e-45,7.215914e-04,1.211263e-06,5.957346e+02,equilibrium,0.769948,1.7751
673,10000,7,0.732291,6.7205,3.87674,6.468586e-02,5335.20,7.751249e+05,10465.32,8.593144e+24,1.052263e+25,8.571884e-45,7.408080e-04,1.290171e-06,5.741938e+02,equilibrium,0.767119,1.7591
673,10000,7,0.757003,6.9797,3.98768,6.261791e-02,5308.35,7.451955e+05,10510.16,8.304723e+24,1.016752e+25,8.617368e-45,7.605866e-04,1.374312e-06,5.534310e+02,equilibrium,0.764309,1.7431
673,10000,7,0.768441,7.1000,4.03919,6.171654e-02,5296.37,7.322481e+05,10530.11,8.178976e+24,1.001283e+25,8.637720e-45,7.888834e-04,1.413660e-06,5.580431e+02,equilibrium,0.763044,1.7467
